"ID","Name_submitted","Overall_score","Name_matched_id","Name_matched","Name_score","Name_matched_rank","Author_submitted","Author_matched","Author_score","Canonical_author","Name_matched_accepted_family","Genus_submitted","Genus_matched","Genus_score","Specific_epithet_submitted","Specific_epithet_matched","Specific_epithet_score","Family_submitted","Family_matched","Family_score","Infraspecific_rank","Infraspecific_epithet_matched","Infraspecific_epithet_score","Infraspecific_rank_2","Infraspecific_epithet_2_matched","Infraspecific_epithet_2_score","Annotations","Unmatched_terms","Name_matched_url","Name_matched_lsid","Phonetic","Taxonomic_status","Accepted_name","Accepted_species","Accepted_name_author","Accepted_name_id","Accepted_name_rank","Accepted_name_url","Accepted_name_lsid","Accepted_family","Overall_score_order","Highertaxa_score_order","Source","Warnings","selected","unique_id"
"1","Acalypha diversifolia","1","175265","Acalypha diversifolia","1","species","","","","Jacq.","Euphorbiaceae","Acalypha","Acalypha","1","diversifolia","diversifolia","1","","","","","","","","","","","","http://www.tropicos.org/Name/12802425","","Y","Accepted","Acalypha diversifolia","Acalypha diversifolia","Jacq.","175265","species","http://www.tropicos.org/Name/12802425","","Euphorbiaceae","1","1","tropicos","",true,0
"2","Aegiphila aculeifera","1","527451","Aegiphila aculeifera","1","species","","","","Moldenke","Lamiaceae","Aegiphila","Aegiphila","1","aculeifera","aculeifera","1","","","","","","","","","","","","http://www.tropicos.org/Name/33700048","","Y","Accepted","Aegiphila aculeifera","Aegiphila aculeifera","Moldenke","527451","species","http://www.tropicos.org/Name/33700048","","Lamiaceae","1","1","tropicos","",true,2
"3","Aegiphila alba","1","529736","Aegiphila alba","1","species","","","","Moldenke","Lamiaceae","Aegiphila","Aegiphila","1","alba","alba","1","","","","","","","","","","","","http://www.tropicos.org/Name/33702735","","Y","Accepted","Aegiphila alba","Aegiphila alba","Moldenke","529736","species","http://www.tropicos.org/Name/33702735","","Lamiaceae","1","1","tropicos","",true,3
"4","Aegiphila bogotensis","1","529543","Aegiphila bogotensis","1","species","","","","(Spreng.) Moldenke","Lamiaceae","Aegiphila","Aegiphila","1","bogotensis","bogotensis","1","","","","","","","","","","","","http://www.tropicos.org/Name/33702539","","Y","Accepted","Aegiphila bogotensis","Aegiphila bogotensis","(Spreng.) Moldenke","529543","species","http://www.tropicos.org/Name/33702539","","Lamiaceae","1","1","tropicos","",true,4
"5","Aegiphila lopez-palacii var. pubescens","1","530193","Aegiphila lopez-palacii var. pubescens","1","variety","","","","Moldenke","Lamiaceae","Aegiphila","Aegiphila","1","lopez-palacii","lopez-palacii","1","","","","var.","pubescens","1","","","","","","http://www.tropicos.org/Name/33703210","","Y","Accepted","Aegiphila lopez-palacii var. pubescens","Aegiphila lopez-palacii","Moldenke","530193","variety","http://www.tropicos.org/Name/33703210","","Lamiaceae","1","1","tropicos","",true,5
"6","Aegiphila novogranatensis","1","529438","Aegiphila novogranatensis","1","species","","","","Moldenke","Lamiaceae","Aegiphila","Aegiphila","1","novogranatensis","novogranatensis","1","","","","","","","","","","","","http://www.tropicos.org/Name/33702428","","Y","Accepted","Aegiphila novogranatensis","Aegiphila novogranatensis","Moldenke","529438","species","http://www.tropicos.org/Name/33702428","","Lamiaceae","1","1","tropicos","",true,6
"7","Aegiphila monticola","1","529862","Aegiphila monticola","1","species","","","","Moldenke","Lamiaceae","Aegiphila","Aegiphila","1","monticola","monticola","1","","","","","","","","","","","","http://www.tropicos.org/Name/33702865","","Y","Accepted","Aegiphila monticola","Aegiphila monticola","Moldenke","529862","species","http://www.tropicos.org/Name/33702865","","Lamiaceae","1","1","tropicos","",true,7
"8","Aequatorium jamesonii","1","726703","Aequatorium jamesonii","1","species","","","","(S.F. Blake) C. Jeffrey","Asteraceae","Aequatorium","Aequatorium","1","jamesonii","jamesonii","1","","","","","","","","","","","","http://www.tropicos.org/Name/50043102","","Y","Accepted","Aequatorium jamesonii","Aequatorium jamesonii","(S.F. Blake) C. Jeffrey","726703","species","http://www.tropicos.org/Name/50043102","","Asteraceae","1","1","tropicos","",true,8
"9","Agouticarpa williamsii","1","914285","Agouticarpa williamsii","1","species","","","","(Standl.) C.H. Perss.","Rubiaceae","Agouticarpa","Agouticarpa","1","williamsii","williamsii","1","","","","","","","","","","","","http://www.tropicos.org/Name/50235939","","Y","Accepted","Agouticarpa williamsii","Agouticarpa williamsii","(Standl.) C.H. Perss.","914285","species","http://www.tropicos.org/Name/50235939","","Rubiaceae","1","1","tropicos","",true,9
"10","Aiouea formicaria","1","1315219","Aiouea formicaria","1","species","","","","(van der Werff & Lorea-Hern.) R. Rohde","Lauraceae","Aiouea","Aiouea","1","formicaria","formicaria","1","","","","","","","","","","","","http://www.tropicos.org/Name/100469877","","Y","Accepted","Aiouea formicaria","Aiouea formicaria","(van der Werff & Lorea-Hern.) R. Rohde","1315219","species","http://www.tropicos.org/Name/100469877","","Lauraceae","1","1","tropicos","",true,10
"11","Aiouea palaciosii","1","1315203","Aiouea palaciosii","1","species","","","","(van der Werff) R. Rohde","Lauraceae","Aiouea","Aiouea","1","palaciosii","palaciosii","1","","","","","","","","","","","","http://www.tropicos.org/Name/100469861","","Y","Accepted","Aiouea palaciosii","Aiouea palaciosii","(van der Werff) R. Rohde","1315203","species","http://www.tropicos.org/Name/100469861","","Lauraceae","1","1","tropicos","",true,11
"12","Alchornea grandis","1","175361","Alchornea grandis","1","species","","","","Benth.","Euphorbiaceae","Alchornea","Alchornea","1","grandis","grandis","1","","","","","","","","","","","","http://www.tropicos.org/Name/12802523","","Y","Accepted","Alchornea grandis","Alchornea grandis","Benth.","175361","species","http://www.tropicos.org/Name/12802523","","Euphorbiaceae","1","1","tropicos","",true,12
"13","Alchornea bogotensis","1","173574","Alchornea bogotensis","1","species","","","","Pax & K. Hoffm.","Euphorbiaceae","Alchornea","Alchornea","1","bogotensis","bogotensis","1","","","","","","","","","","","","http://www.tropicos.org/Name/12800682","","Y","Accepted","Alchornea bogotensis","Alchornea bogotensis","Pax & K. Hoffm.","173574","species","http://www.tropicos.org/Name/12800682","","Euphorbiaceae","1","1","tropicos","",true,13
"14","Alchornea triplinervia","1","173592","Alchornea triplinervia","1","species","","","","(Spreng.) MÃ¼ll. Arg.","Euphorbiaceae","Alchornea","Alchornea","1","triplinervia","triplinervia","1","","","","","","","","","","","","http://www.tropicos.org/Name/12800700","","Y","Accepted","Alchornea triplinervia","Alchornea triplinervia","(Spreng.) MÃ¼ll. Arg.","173592","species","http://www.tropicos.org/Name/12800700","","Euphorbiaceae","1","1","tropicos","",true,14
"15","Alchornea glandulosa","1","173581","Alchornea glandulosa","1","species","","","","Poepp.","Euphorbiaceae","Alchornea","Alchornea","1","glandulosa","glandulosa","1","","","","","","","","","","","","http://www.tropicos.org/Name/12800689","","Y","Accepted","Alchornea glandulosa","Alchornea glandulosa","Poepp.","173581","species","http://www.tropicos.org/Name/12800689","","Euphorbiaceae","1","1","tropicos","",true,15
"16","Allophylus dodsonii","1","497387","Allophylus dodsonii","1","species","","","","A.H. Gentry","Sapindaceae","Allophylus","Allophylus","1","dodsonii","dodsonii","1","","","","","","","","","","","","http://www.tropicos.org/Name/28601508","","Y","Accepted","Allophylus dodsonii","Allophylus dodsonii","A.H. Gentry","497387","species","http://www.tropicos.org/Name/28601508","","Sapindaceae","1","1","tropicos","",true,17
"17","Allophylus excelsus","1","495969","Allophylus excelsus","1","species","","","","(Triana & Planch.) Radlk.","Sapindaceae","Allophylus","Allophylus","1","excelsus","excelsus","1","","","","","","","","","","","","http://www.tropicos.org/Name/28600052","","Y","Accepted","Allophylus excelsus","Allophylus excelsus","(Triana & Planch.) Radlk.","495969","species","http://www.tropicos.org/Name/28600052","","Sapindaceae","1","1","tropicos","",true,18
"18","Allophylus floribundus","1","496586","Allophylus floribundus","1","species","","","","(Poepp.) Radlk.","Sapindaceae","Allophylus","Allophylus","1","floribundus","floribundus","1","","","","","","","","","","","","http://www.tropicos.org/Name/28600685","","Y","Accepted","Allophylus floribundus","Allophylus floribundus","(Poepp.) Radlk.","496586","species","http://www.tropicos.org/Name/28600685","","Sapindaceae","1","1","tropicos","",true,19
"19","Alsophila erinacea","1","443665","Alsophila erinacea","1","species","","","","(H. Karst.) D.S. Conant","Cyatheaceae","Alsophila","Alsophila","1","erinacea","erinacea","1","","","","","","","","","","","","http://www.tropicos.org/Name/26606637","","Y","Accepted","Alsophila erinacea","Alsophila erinacea","(H. Karst.) D.S. Conant","443665","species","http://www.tropicos.org/Name/26606637","","Cyatheaceae","1","1","tropicos","",true,20
"20","Alsophila firma","1","445817","Alsophila firma","1","species","","","","(Baker) D.S. Conant","Cyatheaceae","Alsophila","Alsophila","1","firma","firma","1","","","","","","","","","","","","http://www.tropicos.org/Name/26608813","","Y","Accepted","Alsophila firma","Alsophila firma","(Baker) D.S. Conant","445817","species","http://www.tropicos.org/Name/26608813","","Cyatheaceae","1","1","tropicos","",true,21
"21","Alsophila incana","1","443674","Alsophila incana","1","species","","","","(H. Karst.) D.S. Conant","Cyatheaceae","Alsophila","Alsophila","1","incana","incana","1","","","","","","","","","","","","http://www.tropicos.org/Name/26606646","","Y","Accepted","Alsophila incana","Alsophila incana","(H. Karst.) D.S. Conant","443674","species","http://www.tropicos.org/Name/26606646","","Cyatheaceae","1","1","tropicos","",true,22
"22","Alsophila conjugata","1","443746","Alsophila conjugata","1","species","","","","Spruce ex Hook.","Cyatheaceae","Alsophila","Alsophila","1","conjugata","conjugata","1","","","","","","","","","","","","http://www.tropicos.org/Name/26606718","","Y","Synonym","Cyathea conjugata","Cyathea conjugata","(Spruce ex Hook.) Domin","451766","species","http://www.tropicos.org/Name/26614864","","Cyatheaceae","1","1","tropicos","",true,23
"23","Alsophila cuspidata","1","443670","Alsophila cuspidata","1","species","","","","(Kunze) D.S. Conant","Cyatheaceae","Alsophila","Alsophila","1","cuspidata","cuspidata","1","","","","","","","","","","","","http://www.tropicos.org/Name/26606642","","Y","Accepted","Alsophila cuspidata","Alsophila cuspidata","(Kunze) D.S. Conant","443670","species","http://www.tropicos.org/Name/26606642","","Cyatheaceae","1","1","tropicos","",true,24
"24","Andira taurotesticulata","1","909206","Andira taurotesticulata","1","species","","","","R.T. Penn.","Fabaceae","Andira","Andira","1","taurotesticulata","taurotesticulata","1","","","","","","","","","","","","http://www.tropicos.org/Name/50230778","","Y","Accepted","Andira taurotesticulata","Andira taurotesticulata","R.T. Penn.","909206","species","http://www.tropicos.org/Name/50230778","","Fabaceae","1","1","tropicos","",true,25
"25","Aniba magnifica","1","1317555","Aniba magnifica","1","species","","","","W. Palacios","Lauraceae","Aniba","Aniba","1","magnifica","magnifica","1","","","","","","","","","","","","http://www.tropicos.org/Name/100472261","","Y","Accepted","Aniba magnifica","Aniba magnifica","W. Palacios","1317555","species","http://www.tropicos.org/Name/100472261","","Lauraceae","1","1","tropicos","",true,26
"26","Annona deceptrix","1","892408","Annona deceptrix","1","species","","","","(Westra) H. Rainer","Annonaceae","Annona","Annona","1","deceptrix","deceptrix","1","","","","","","","","","","","","http://www.tropicos.org/Name/50213549","","Y","Accepted","Annona deceptrix","Annona deceptrix","(Westra) H. Rainer","892408","species","http://www.tropicos.org/Name/50213549","","Annonaceae","1","1","tropicos","",true,27
"27","Annona mucosa","1","15035","Annona mucosa","1","species","","","","Jacq.","Annonaceae","Annona","Annona","1","mucosa","mucosa","1","","","","","","","","","","","","http://www.tropicos.org/Name/1600785","","Y","Accepted","Annona mucosa","Annona mucosa","Jacq.","15035","species","http://www.tropicos.org/Name/1600785","","Annonaceae","1","1","tropicos","",true,28
"28","Annona quinduensis","1","14369","Annona quinduensis","1","species","","","","Kunth","Annonaceae","Annona","Annona","1","quinduensis","quinduensis","1","","","","","","","","","","","","http://www.tropicos.org/Name/1600092","","Y","Accepted","Annona quinduensis","Annona quinduensis","Kunth","14369","species","http://www.tropicos.org/Name/1600092","","Annonaceae","1","1","tropicos","",true,29
"29","Aphelandra acanthus","1","136","Aphelandra acanthus","1","species","","","","Nees","Acanthaceae","Aphelandra","Aphelandra","1","acanthus","acanthus","1","","","","","","","","","","","","http://www.tropicos.org/Name/100155","","Y","Accepted","Aphelandra acanthus","Aphelandra acanthus","Nees","136","species","http://www.tropicos.org/Name/100155","","Acanthaceae","1","1","tropicos","",true,30
"30","Ardisia ambigua","1","316282","Ardisia ambigua","1","species","","","","Mart.","Primulaceae","Ardisia","Ardisia","1","ambigua","ambigua","1","","","","","","","","","","","","http://www.tropicos.org/Name/22000804","","Y","Synonym","Geissanthus ambigua","Geissanthus ambigua","(Mart.) G. Agostini","317166","species","http://www.tropicos.org/Name/22001717","","Primulaceae","1","1","tropicos","",true,31
"31","Axinaea lehmannii","1","305190","Axinaea lehmannii","1","species","","","","Cogn.","Melastomataceae","Axinaea","Axinaea","1","lehmannii","lehmannii","1","","","","","","","","","","","","http://www.tropicos.org/Name/20300341","","Y","Accepted","Axinaea lehmannii","Axinaea lehmannii","Cogn.","305190","species","http://www.tropicos.org/Name/20300341","","Melastomataceae","1","1","tropicos","",true,32
"32","Axinaea macrophylla","1","305192","Axinaea macrophylla","1","species","","","","(Naudin) Triana","Melastomataceae","Axinaea","Axinaea","1","macrophylla","macrophylla","1","","","","","","","","","","","","http://www.tropicos.org/Name/20300343","","Y","Accepted","Axinaea macrophylla","Axinaea macrophylla","(Naudin) Triana","305192","species","http://www.tropicos.org/Name/20300343","","Melastomataceae","1","1","tropicos","",true,33
"33","Axinaea quitensis","1","308648","Axinaea quitensis","1","species","","","","Benoist","Melastomataceae","Axinaea","Axinaea","1","quitensis","quitensis","1","","","","","","","","","","","","http://www.tropicos.org/Name/20303909","","Y","Accepted","Axinaea quitensis","Axinaea quitensis","Benoist","308648","species","http://www.tropicos.org/Name/20303909","","Melastomataceae","1","1","tropicos","",true,34
"34","Bactris gasipaes var. chichagui","1","858081","Bactris gasipaes var. chichagui","1","variety","","","","(H. Karst.) A.J. Hend.","Arecaceae","Bactris","Bactris","1","gasipaes","gasipaes","1","","","","var.","chichagui","1","","","","","","http://www.tropicos.org/Name/50178417","","Y","Accepted","Bactris gasipaes var. chichagui","Bactris gasipaes","(H. Karst.) A.J. Hend.","858081","variety","http://www.tropicos.org/Name/50178417","","Arecaceae","1","1","tropicos","",true,35
"35","Banara glauca","1","255144","Banara glauca","1","species","","","","(Kunth) Benth.","Salicaceae","Banara","Banara","1","glauca","glauca","1","","","","","","","","","","","","http://www.tropicos.org/Name/13200052","","Y","Accepted","Banara glauca","Banara glauca","(Kunth) Benth.","255144","species","http://www.tropicos.org/Name/13200052","","Salicaceae","1","1","tropicos","",true,36
"36","Banara regia","1","256133","Banara regia","1","species","","","","Sandwith","Salicaceae","Banara","Banara","1","regia","regia","1","","","","","","","","","","","","http://www.tropicos.org/Name/13201122","","Y","Accepted","Banara regia","Banara regia","Sandwith","256133","species","http://www.tropicos.org/Name/13201122","","Salicaceae","1","1","tropicos","",true,37
"37","Beilschmiedia alloiophylla","1","280567","Beilschmiedia alloiophylla","1","species","","","","(Rusby) Kosterm.","Lauraceae","Beilschmiedia","Beilschmiedia","1","alloiophylla","alloiophylla","1","","","","","","","","","","","","http://www.tropicos.org/Name/17802444","","Y","Accepted","Beilschmiedia alloiophylla","Beilschmiedia alloiophylla","(Rusby) Kosterm.","280567","species","http://www.tropicos.org/Name/17802444","","Lauraceae","1","1","tropicos","",true,38
"38","Beilschmiedia tovarensis","1","807803","Beilschmiedia tovarensis","1","species","","","","(Klotzsch & H. Karst. ex Meisn.) Sach. Nishida","Lauraceae","Beilschmiedia","Beilschmiedia","1","tovarensis","tovarensis","1","","","","","","","","","","","","http://www.tropicos.org/Name/50126255","","Y","Accepted","Beilschmiedia tovarensis","Beilschmiedia tovarensis","(Klotzsch & H. Karst. ex Meisn.) Sach. Nishida","807803","species","http://www.tropicos.org/Name/50126255","","Lauraceae","1","1","tropicos","",true,39
"39","Beilschmiedia pendula","1","278691","Beilschmiedia pendula","1","species","","","","(Sw.) Hemsl.","Lauraceae","Beilschmiedia","Beilschmiedia","1","pendula","pendula","1","","","","","","","","","","","","http://www.tropicos.org/Name/17800506","","Y","Accepted","Beilschmiedia pendula","Beilschmiedia pendula","(Sw.) Hemsl.","278691","species","http://www.tropicos.org/Name/17800506","","Lauraceae","1","1","tropicos","",true,40
"40","Billia rosea","1","874202","Billia rosea","1","species","","","","(Planch. & Linden) C. Ulloa & P. JÃ¸rg.","Sapindaceae","Billia","Billia","1","rosea","rosea","1","","","","","","","","","","","","http://www.tropicos.org/Name/50194899","","Y","Accepted","Billia rosea","Billia rosea","(Planch. & Linden) C. Ulloa & P. JÃ¸rg.","874202","species","http://www.tropicos.org/Name/50194899","","Sapindaceae","1","1","tropicos","",true,42
"41","Blakea eriocalyx","1","308688","Blakea eriocalyx","1","species","","","","Wurdack","Melastomataceae","Blakea","Blakea","1","eriocalyx","eriocalyx","1","","","","","","","","","","","","http://www.tropicos.org/Name/20303949","","Y","Accepted","Blakea eriocalyx","Blakea eriocalyx","Wurdack","308688","species","http://www.tropicos.org/Name/20303949","","Melastomataceae","1","1","tropicos","",true,43
"42","Blakea rotundifolia","1","305238","Blakea rotundifolia","1","species","","","","D. Don","Melastomataceae","Blakea","Blakea","1","rotundifolia","rotundifolia","1","","","","","","","","","","","","http://www.tropicos.org/Name/20300389","","Y","Accepted","Blakea rotundifolia","Blakea rotundifolia","D. Don","305238","species","http://www.tropicos.org/Name/20300389","","Melastomataceae","1","1","tropicos","",true,44
"43","Boehmeria caudata","1","525555","Boehmeria caudata","1","species","","","","Sw.","Urticaceae","Boehmeria","Boehmeria","1","caudata","caudata","1","","","","","","","","","","","","http://www.tropicos.org/Name/33400436","","Y","Accepted","Boehmeria caudata","Boehmeria caudata","Sw.","525555","species","http://www.tropicos.org/Name/33400436","","Urticaceae","1","1","tropicos","",true,45
"44","Boehmeria fallax","1","525182","Boehmeria fallax","1","species","","","","Wedd.","Urticaceae","Boehmeria","Boehmeria","1","fallax","fallax","1","","","","","","","","","","","","http://www.tropicos.org/Name/33400054","","Y","Accepted","Boehmeria fallax","Boehmeria fallax","Wedd.","525182","species","http://www.tropicos.org/Name/33400054","","Urticaceae","1","1","tropicos","",true,49
"45","Brachyotum gleasonii","1","308914","Brachyotum gleasonii","1","species","","","","Wurdack","Melastomataceae","Brachyotum","Brachyotum","1","gleasonii","gleasonii","1","","","","","","","","","","","","http://www.tropicos.org/Name/20304179","","Y","Accepted","Brachyotum gleasonii","Brachyotum gleasonii","Wurdack","308914","species","http://www.tropicos.org/Name/20304179","","Melastomataceae","1","1","tropicos","",true,50
"46","Brosimum guianense","1","312864","Brosimum guianense","1","species","","","","(Aubl.) Huber","Moraceae","Brosimum","Brosimum","1","guianense","guianense","1","","","","","","","","","","","","http://www.tropicos.org/Name/21300523","","Y","Accepted","Brosimum guianense","Brosimum guianense","(Aubl.) Huber","312864","species","http://www.tropicos.org/Name/21300523","","Moraceae","1","1","tropicos","",true,51
"47","Brosimum utile subsp. occidentale","1","314315","Brosimum utile subsp. occidentale","1","subspecies","","","","C.C. Berg","Moraceae","Brosimum","Brosimum","1","utile","utile","1","","","","subsp.","occidentale","1","","","","","","http://www.tropicos.org/Name/21302008","","Y","Accepted","Brosimum utile subsp. occidentale","Brosimum utile","C.C. Berg","314315","subspecies","http://www.tropicos.org/Name/21302008","","Moraceae","1","1","tropicos","",true,53
"48","Brownea multijuga","1","183524","Brownea multijuga","1","species","","","","Britton & Killip","Fabaceae","Brownea","Brownea","1","multijuga","multijuga","1","","","","","","","","","","","","http://www.tropicos.org/Name/13003135","","Y","Accepted","Brownea multijuga","Brownea multijuga","Britton & Killip","183524","species","http://www.tropicos.org/Name/13003135","","Fabaceae","1","1","tropicos","",true,54
"49","Browneopsis macrofoliolata","1","251636","Browneopsis macrofoliolata","1","species","","","","Klitg.","Fabaceae","Browneopsis","Browneopsis","1","macrofoliolata","macrofoliolata","1","","","","","","","","","","","","http://www.tropicos.org/Name/13074965","","Y","Accepted","Browneopsis macrofoliolata","Browneopsis macrofoliolata","Klitg.","251636","species","http://www.tropicos.org/Name/13074965","","Fabaceae","1","1","tropicos","",true,55
"50","Brunellia acostae","1","113350","Brunellia acostae","1","species","","","","Cuatrec.","Brunelliaceae","Brunellia","Brunellia","1","acostae","acostae","1","","","","","","","","","","","","http://www.tropicos.org/Name/4400002","","Y","Accepted","Brunellia acostae","Brunellia acostae","Cuatrec.","113350","species","http://www.tropicos.org/Name/4400002","","Brunelliaceae","1","1","tropicos","",true,56
"51","Acalypha alchorneoides","1","178488","Acalypha alchorneoides","1","species","","","","Rusby","Euphorbiaceae","Acalypha","Acalypha","1","alchorneoides","alchorneoides","1","","","","","","","","","","","","http://www.tropicos.org/Name/12805823","","Y","Synonym","Acalypha diversifolia","Acalypha diversifolia","Jacq.","175265","species","http://www.tropicos.org/Name/12802425","","Euphorbiaceae","1","1","tropicos","",true,57
"52","Acalypha betuloides","1","914734","Acalypha betuloides","1","species","","","","Klotzsch ex Baill.","Euphorbiaceae","Acalypha","Acalypha","1","betuloides","betuloides","1","","","","","","","","","","","","http://www.tropicos.org/Name/50236395","","Y","Synonym","Acalypha variabilis","Acalypha variabilis","Klotzsch ex Baill.","914739","species","http://www.tropicos.org/Name/50236400","","Euphorbiaceae","1","1","tropicos","[Ambiguous]",true,58
"53","Acalypha billbergiana","1","887563","Acalypha billbergiana","1","species","","","","Klotzsch","Euphorbiaceae","Acalypha","Acalypha","1","billbergiana","billbergiana","1","","","","","","","","","","","","http://www.tropicos.org/Name/50208603","","Y","Synonym","Acalypha diversifolia","Acalypha diversifolia","Jacq.","175265","species","http://www.tropicos.org/Name/12802425","","Euphorbiaceae","1","1","tropicos","",true,60
"54","Acalypha callosa var. glabra","1","914804","Acalypha callosa var. glabra","1","variety","","","","Britton ex Pax & K. Hoffm.","Euphorbiaceae","Acalypha","Acalypha","1","callosa","callosa","1","","","","var.","glabra","1","","","","","","http://www.tropicos.org/Name/50236465","","Y","Synonym","Acalypha diversifolia","Acalypha diversifolia","Jacq.","175265","species","http://www.tropicos.org/Name/12802425","","Euphorbiaceae","1","1","tropicos","",true,61
"57","Acalypha diversifolia var. caloneura","1","914805","Acalypha diversifolia var. caloneura","1","variety","","","","Pax & K. Hoffm.","Euphorbiaceae","Acalypha","Acalypha","1","diversifolia","diversifolia","1","","","","var.","caloneura","1","","","","","","http://www.tropicos.org/Name/50236466","","Y","Synonym","Acalypha diversifolia","Acalypha diversifolia","Jacq.","175265","species","http://www.tropicos.org/Name/12802425","","Euphorbiaceae","1","1","tropicos","",true,62
"58","Acalypha diversifolia var. carpinifolia","1","175427","Acalypha diversifolia var. carpinifolia","1","variety","","","","MÃ¼ll. Arg.","Euphorbiaceae","Acalypha","Acalypha","1","diversifolia","diversifolia","1","","","","var.","carpinifolia","1","","","","","","http://www.tropicos.org/Name/12802603","","Y","Synonym","Acalypha diversifolia","Acalypha diversifolia","Jacq.","175265","species","http://www.tropicos.org/Name/12802425","","Euphorbiaceae","1","1","tropicos","",true,63
"59","Acalypha diversifolia var. leptostachya","1","175428","Acalypha diversifolia var. leptostachya","1","variety","","","","(Kunth) MÃ¼ll. Arg.","Euphorbiaceae","Acalypha","Acalypha","1","diversifolia","diversifolia","1","","","","var.","leptostachya","1","","","","","","http://www.tropicos.org/Name/12802604","","Y","Synonym","Acalypha diversifolia","Acalypha diversifolia","Jacq.","175265","species","http://www.tropicos.org/Name/12802425","","Euphorbiaceae","1","1","tropicos","",true,64
"60","Acalypha diversifolia var. popayanensis","1","887561","Acalypha diversifolia var. popayanensis","1","variety","","","","(MÃ¼ll. Arg.) MÃ¼ll. Arg.","Euphorbiaceae","Acalypha","Acalypha","1","diversifolia","diversifolia","1","","","","var.","popayanensis","1","","","","","","http://www.tropicos.org/Name/50208601","","Y","Synonym","Acalypha diversifolia","Acalypha diversifolia","Jacq.","175265","species","http://www.tropicos.org/Name/12802425","","Euphorbiaceae","1","1","tropicos","",true,65
"61","Acalypha diversifolia var. squarrosa","1","914800","Acalypha diversifolia var. squarrosa","1","variety","","","","MÃ¼ll. Arg.","Euphorbiaceae","Acalypha","Acalypha","1","diversifolia","diversifolia","1","","","","var.","squarrosa","1","","","","","","http://www.tropicos.org/Name/50236461","","Y","Synonym","Acalypha diversifolia","Acalypha diversifolia","Jacq.","175265","species","http://www.tropicos.org/Name/12802425","","Euphorbiaceae","1","1","tropicos","",true,66
"62","Acalypha hartwegiana","1","914799","Acalypha hartwegiana","1","species","","","","Benth. ex Baill.","Euphorbiaceae","Acalypha","Acalypha","1","hartwegiana","hartwegiana","1","","","","","","","","","","","","http://www.tropicos.org/Name/50236460","","Y","Synonym","Acalypha diversifolia","Acalypha diversifolia","Jacq.","175265","species","http://www.tropicos.org/Name/12802425","","Euphorbiaceae","1","1","tropicos","",true,67
"63","Acalypha inaequalis","1","175075","Acalypha inaequalis","1","species","","","","Rusby","Euphorbiaceae","Acalypha","Acalypha","1","inaequalis","inaequalis","1","","","","","","","","","","","","http://www.tropicos.org/Name/12802231","","Y","Synonym","Acalypha diversifolia","Acalypha diversifolia","Jacq.","175265","species","http://www.tropicos.org/Name/12802425","","Euphorbiaceae","1","1","tropicos","",true,68
"66","Acalypha leptostachya var. carpinifolia","1","175432","Acalypha leptostachya var. carpinifolia","1","variety","","","","MÃ¼ll. Arg.","Euphorbiaceae","Acalypha","Acalypha","1","leptostachya","leptostachya","1","","","","var.","carpinifolia","1","","","","","","http://www.tropicos.org/Name/12802609","","Y","No opinion","","","","","","","","","1","1","tropicos","",true,69
"67","Acalypha leptostachya var. popayanensis","1","887562","Acalypha leptostachya var. popayanensis","1","variety","","","","(Kunth) MÃ¼ll. Arg.","Euphorbiaceae","Acalypha","Acalypha","1","leptostachya","leptostachya","1","","","","var.","popayanensis","1","","","","","","http://www.tropicos.org/Name/50208602","","Y","Synonym","Acalypha diversifolia","Acalypha diversifolia","Jacq.","175265","species","http://www.tropicos.org/Name/12802425","","Euphorbiaceae","1","1","tropicos","",true,70
"68","Acalypha microgyna","1","175266","Acalypha microgyna","1","species","","","","Poepp. & Endl.","Euphorbiaceae","Acalypha","Acalypha","1","microgyna","microgyna","1","","","","","","","","","","","","http://www.tropicos.org/Name/12802426","","Y","Synonym","Acalypha diversifolia","Acalypha diversifolia","Jacq.","175265","species","http://www.tropicos.org/Name/12802425","","Euphorbiaceae","1","1","tropicos","",true,71
"69","Acalypha panamensis","1","175437","Acalypha panamensis","1","species","","","","Klotzsch","Euphorbiaceae","Acalypha","Acalypha","1","panamensis","panamensis","1","","","","","","","","","","","","http://www.tropicos.org/Name/12802615","","Y","Synonym","Acalypha diversifolia","Acalypha diversifolia","Jacq.","175265","species","http://www.tropicos.org/Name/12802425","","Euphorbiaceae","1","1","tropicos","",true,72
"70","Acalypha popayanensis","1","914793","Acalypha popayanensis","1","species","","","","Kunth","Euphorbiaceae","Acalypha","Acalypha","1","popayanensis","popayanensis","1","","","","","","","","","","","","http://www.tropicos.org/Name/50236454","","Y","Synonym","Acalypha diversifolia","Acalypha diversifolia","Jacq.","175265","species","http://www.tropicos.org/Name/12802425","","Euphorbiaceae","1","1","tropicos","",true,73
"71","Acalypha salicioides","1","914802","Acalypha salicioides","1","species","","","","Rusby","Euphorbiaceae","Acalypha","Acalypha","1","salicioides","salicioides","1","","","","","","","","","","","","http://www.tropicos.org/Name/50236463","","Y","Synonym","Acalypha diversifolia","Acalypha diversifolia","Jacq.","175265","species","http://www.tropicos.org/Name/12802425","","Euphorbiaceae","1","1","tropicos","",true,74
"72","Acalypha samydifolia","1","173533","Acalypha samydifolia","1","species","","","","Poepp. & Endl.","Euphorbiaceae","Acalypha","Acalypha","1","samydifolia","samydifolia","1","","","","","","","","","","","","http://www.tropicos.org/Name/12800640","","Y","Accepted","Acalypha samydifolia","Acalypha samydifolia","Poepp. & Endl.","173533","species","http://www.tropicos.org/Name/12800640","","Euphorbiaceae","1","1","tropicos","",true,75
"73","Acalypha tabascensis","1","175090","Acalypha tabascensis","1","species","","","","Lundell","Euphorbiaceae","Acalypha","Acalypha","1","tabascensis","tabascensis","1","","","","","","","","","","","","http://www.tropicos.org/Name/12802246","","Y","Synonym","Acalypha diversifolia","Acalypha diversifolia","Jacq.","175265","species","http://www.tropicos.org/Name/12802425","","Euphorbiaceae","1","1","tropicos","",true,76
"74","Acalypha ulmifolia","1","914796","Acalypha ulmifolia","1","species","","","","Benth.","Euphorbiaceae","Acalypha","Acalypha","1","ulmifolia","ulmifolia","1","","","","","","","","","","","","http://www.tropicos.org/Name/50236457","","Y","Synonym","Acalypha diversifolia","Acalypha diversifolia","Jacq.","175265","species","http://www.tropicos.org/Name/12802425","","Euphorbiaceae","1","1","tropicos","",true,77
"75","Acalypha vermifera","1","815979","Acalypha vermifera","1","species","","","","Rusby","Euphorbiaceae","Acalypha","Acalypha","1","vermifera","vermifera","1","","","","","","","","","","","","http://www.tropicos.org/Name/50134660","","Y","Synonym","Acalypha diversifolia","Acalypha diversifolia","Jacq.","175265","species","http://www.tropicos.org/Name/12802425","","Euphorbiaceae","1","1","tropicos","",true,78
"76","Brosimum heteroclitum","1","785580","Brosimum heteroclitum","1","species","","","","Donn. Sm.","Moraceae","Brosimum","Brosimum","1","heteroclitum","heteroclitum","1","","","","","","","","","","","","http://www.tropicos.org/Name/50103361","","Y","Synonym","Acalypha diversifolia","Acalypha diversifolia","Jacq.","175265","species","http://www.tropicos.org/Name/12802425","","Euphorbiaceae","1","1","tropicos","",true,79
"77","Ricinocarpus diversifolius","1","914792","Ricinocarpus diversifolius","1","species","","","","(Jacq.) Kuntze","Euphorbiaceae","Ricinocarpus","Ricinocarpus","1","diversifolius","diversifolius","1","","","","","","","","","","","","http://www.tropicos.org/Name/50236453","","Y","Synonym","Acalypha diversifolia","Acalypha diversifolia","Jacq.","175265","species","http://www.tropicos.org/Name/12802425","","Euphorbiaceae","1","1","tropicos","",true,80
"78","Ricinocarpus samydifolius","1","914795","Ricinocarpus samydifolius","1","species","","","","(Poepp. & Endl.) Kuntze","Euphorbiaceae","Ricinocarpus","Ricinocarpus","1","samydifolius","samydifolius","1","","","","","","","","","","","","http://www.tropicos.org/Name/50236456","","Y","Synonym","Acalypha diversifolia","Acalypha diversifolia","Jacq.","175265","species","http://www.tropicos.org/Name/12802425","","Euphorbiaceae","1","1","tropicos","",true,81
"79","Ehretia bogotensis","1","759681","Ehretia bogotensis","1","species","","","","Spreng.","Ehretiaceae","Ehretia","Ehretia","1","bogotensis","bogotensis","1","","","","","","","","","","","","http://www.tropicos.org/Name/50076886","","Y","Synonym","Aegiphila bogotensis","Aegiphila bogotensis","(Spreng.) Moldenke","529543","species","http://www.tropicos.org/Name/33702539","","Lamiaceae","1","1","tropicos","",true,82
"80","Aequatorium polygonoides","1","85314","Aequatorium polygonoides","1","species","","","","B. Nord.","Asteraceae","Aequatorium","Aequatorium","1","polygonoides","polygonoides","1","","","","","","","","","","","","http://www.tropicos.org/Name/2736182","","Y","Accepted","Aequatorium polygonoides","Aequatorium polygonoides","B. Nord.","85314","species","http://www.tropicos.org/Name/2736182","","Asteraceae","1","1","tropicos","",true,83
"81","Aequatorium verrucosum","1","726746","Aequatorium verrucosum","1","species","","","","(Wedd.) S. DÃ­az & Cuatrec.","Asteraceae","Aequatorium","Aequatorium","1","verrucosum","verrucosum","1","","","","","","","","","","","","http://www.tropicos.org/Name/50043148","","Y","Accepted","Aequatorium verrucosum","Aequatorium verrucosum","(Wedd.) S. DÃ­az & Cuatrec.","726746","species","http://www.tropicos.org/Name/50043148","","Asteraceae","1","1","tropicos","",true,84
"82","Gynoxys jamesonii","1","91608","Gynoxys jamesonii","1","species","","","","S.F. Blake","Asteraceae","Gynoxys","Gynoxys","1","jamesonii","jamesonii","1","","","","","","","","","","","","http://www.tropicos.org/Name/2743348","","Y","Synonym","Aequatorium jamesonii","Aequatorium jamesonii","(S.F. Blake) C. Jeffrey","726703","species","http://www.tropicos.org/Name/50043102","","Asteraceae","1","1","tropicos","",true,85
"83","Gynoxys repanda","1","56437","Gynoxys repanda","1","species","","","","Wedd.","Asteraceae","Gynoxys","Gynoxys","1","repanda","repanda","1","","","","","","","","","","","","http://www.tropicos.org/Name/2706421","","Y","Synonym","Nordenstamia repanda","Nordenstamia repanda","(Wedd.) Lundin","972539","species","http://www.tropicos.org/Name/50295392","","Asteraceae","1","1","tropicos","",true,86
"84","Gynoxys simulans","1","783854","Gynoxys simulans","1","species","","","","Cuatrec.","Asteraceae","Gynoxys","Gynoxys","1","simulans","simulans","1","","","","","","","","","","","","http://www.tropicos.org/Name/50101615","","Y","Synonym","Aequatorium jamesonii","Aequatorium jamesonii","(S.F. Blake) C. Jeffrey","726703","species","http://www.tropicos.org/Name/50043102","","Asteraceae","1","1","tropicos","",true,87
"85","Senecio polygonoides","1","84220","Senecio polygonoides","1","species","","","","Muschl.","Asteraceae","Senecio","Senecio","1","polygonoides","polygonoides","1","","","","","","","","","","","","http://www.tropicos.org/Name/2735066","","Y","Synonym","Senecio hochstetteri","Senecio hochstetteri","Sch. Bip. ex A. Rich.","76910","species","http://www.tropicos.org/Name/2727586","","Asteraceae","1","1","tropicos","",true,88
"86","Senecio simulans","1","85663","Senecio simulans","1","species","","","","Chiov.","Asteraceae","Senecio","Senecio","1","simulans","simulans","1","","","","","","","","","","","","http://www.tropicos.org/Name/2736533","","Y","Synonym","Solanecio cydoniifolius","Solanecio cydoniifolius","(O. Hoffm.) C. Jeffrey","66745","species","http://www.tropicos.org/Name/2716984","","Asteraceae","1","1","tropicos","",true,90
"87","Genipa williamsii","1","481968","Genipa williamsii","1","species","","","","Standl.","Rubiaceae","Genipa","Genipa","1","williamsii","williamsii","1","","","","","","","","","","","","http://www.tropicos.org/Name/27903243","","Y","Synonym","Agouticarpa williamsii","Agouticarpa williamsii","(Standl.) C.H. Perss.","914285","species","http://www.tropicos.org/Name/50235939","","Rubiaceae","1","1","tropicos","",true,92
"88","Cinnamomum formicarium","1","754271","Cinnamomum formicarium","1","species","","","","van der Werff & Lorea-Hern.","Lauraceae","Cinnamomum","Cinnamomum","1","formicarium","formicarium","1","","","","","","","","","","","","http://www.tropicos.org/Name/50071290","","Y","Synonym","Aiouea formicaria","Aiouea formicaria","(van der Werff & Lorea-Hern.) R. Rohde","1315219","species","http://www.tropicos.org/Name/100469877","","Lauraceae","1","1","tropicos","",true,93
"89","Cinnamomum palaciosii","1","283551","Cinnamomum palaciosii","1","species","","","","van der Werff","Lauraceae","Cinnamomum","Cinnamomum","1","palaciosii","palaciosii","1","","","","","","","","","","","","http://www.tropicos.org/Name/17805582","","Y","Synonym","Aiouea palaciosii","Aiouea palaciosii","(van der Werff) R. Rohde","1315203","species","http://www.tropicos.org/Name/100469861","","Lauraceae","1","1","tropicos","",true,94
"90","Alchornea acroneura","1","175282","Alchornea acroneura","1","species","","","","Pax & K. Hoffm.","Euphorbiaceae","Alchornea","Alchornea","1","acroneura","acroneura","1","","","","","","","","","","","","http://www.tropicos.org/Name/12802442","","Y","Accepted","Alchornea acroneura","Alchornea acroneura","Pax & K. Hoffm.","175282","species","http://www.tropicos.org/Name/12802442","","Euphorbiaceae","1","1","tropicos","",true,95
"91","Alchornea brevistyla","1","173576","Alchornea brevistyla","1","species","","","","Pax & K. Hoffm.","Euphorbiaceae","Alchornea","Alchornea","1","brevistyla","brevistyla","1","","","","","","","","","","","","http://www.tropicos.org/Name/12800684","","Y","Accepted","Alchornea brevistyla","Alchornea brevistyla","Pax & K. Hoffm.","173576","species","http://www.tropicos.org/Name/12800684","","Euphorbiaceae","1","1","tropicos","",true,96
"92","Alchornea glandulosa var. parvifolia","1","918233","Alchornea glandulosa var. parvifolia","1","variety","","","","Benth.","Euphorbiaceae","Alchornea","Alchornea","1","glandulosa","glandulosa","1","","","","var.","parvifolia","1","","","","","","http://www.tropicos.org/Name/50239961","","Y","Synonym","Alchornea triplinervia","Alchornea triplinervia","(Spreng.) MÃ¼ll. Arg.","173592","species","http://www.tropicos.org/Name/12800700","","Euphorbiaceae","1","1","tropicos","",true,97
"93","Alchornea intermedia","1","918234","Alchornea intermedia","1","species","","","","Klotzsch ex Benth.","Euphorbiaceae","Alchornea","Alchornea","1","intermedia","intermedia","1","","","","","","","","","","","","http://www.tropicos.org/Name/50239962","","Y","No opinion","","","","","","","","","1","1","tropicos","",true,98
"94","Alchornea janeirensis","1","816057","Alchornea janeirensis","1","species","","","","Casar.","Euphorbiaceae","Alchornea","Alchornea","1","janeirensis","janeirensis","1","","","","","","","","","","","","http://www.tropicos.org/Name/50134739","","Y","Synonym","Alchornea triplinervia","Alchornea triplinervia","(Spreng.) MÃ¼ll. Arg.","173592","species","http://www.tropicos.org/Name/12800700","","Euphorbiaceae","1","1","tropicos","",true,99
"95","Alchornea nemoralis","1","175443","Alchornea nemoralis","1","species","","","","Mart.","Euphorbiaceae","Alchornea","Alchornea","1","nemoralis","nemoralis","1","","","","","","","","","","","","http://www.tropicos.org/Name/12802623","","Y","Synonym","Alchornea triplinervia","Alchornea triplinervia","(Spreng.) MÃ¼ll. Arg.","173592","species","http://www.tropicos.org/Name/12800700","","Euphorbiaceae","1","1","tropicos","",true,100
"96","Alchornea nemoralis var. intermedia","1","918229","Alchornea nemoralis var. intermedia","1","variety","","","","Baill.","Euphorbiaceae","Alchornea","Alchornea","1","nemoralis","nemoralis","1","","","","var.","intermedia","1","","","","","","http://www.tropicos.org/Name/50239957","","Y","Synonym","Alchornea triplinervia","Alchornea triplinervia","(Spreng.) MÃ¼ll. Arg.","173592","species","http://www.tropicos.org/Name/12800700","","Euphorbiaceae","1","1","tropicos","",true,101
"97","Alchornea nemoralis var. lanceolata","1","918239","Alchornea nemoralis var. lanceolata","1","variety","","","","Baill.","Euphorbiaceae","Alchornea","Alchornea","1","nemoralis","nemoralis","1","","","","var.","lanceolata","1","","","","","","http://www.tropicos.org/Name/50239967","","Y","Synonym","Alchornea triplinervia","Alchornea triplinervia","(Spreng.) MÃ¼ll. Arg.","173592","species","http://www.tropicos.org/Name/12800700","","Euphorbiaceae","1","1","tropicos","",true,103
"98","Alchornea nemoralis var. parvifolia","1","918228","Alchornea nemoralis var. parvifolia","1","variety","","","","Baill.","Euphorbiaceae","Alchornea","Alchornea","1","nemoralis","nemoralis","1","","","","var.","parvifolia","1","","","","","","http://www.tropicos.org/Name/50239956","","Y","No opinion","","","","","","","","","1","1","tropicos","",true,104
"99","Alchornea nemoralis var. psilorhachis","1","918237","Alchornea nemoralis var. psilorhachis","1","variety","","","","Baill.","Euphorbiaceae","Alchornea","Alchornea","1","nemoralis","nemoralis","1","","","","var.","psilorhachis","1","","","","","","http://www.tropicos.org/Name/50239965","","Y","No opinion","","","","","","","","","1","1","tropicos","",true,105
"100","Alchornea nemoralis var. rotundifolia","1","918238","Alchornea nemoralis var. rotundifolia","1","variety","","","","Baill.","Euphorbiaceae","Alchornea","Alchornea","1","nemoralis","nemoralis","1","","","","var.","rotundifolia","1","","","","","","http://www.tropicos.org/Name/50239966","","Y","No opinion","","","","","","","","","1","1","tropicos","",true,106
"101","Alchornea obovata","1","173588","Alchornea obovata","1","species","","","","Pax & K. Hoffm.","Euphorbiaceae","Alchornea","Alchornea","1","obovata","obovata","1","","","","","","","","","","","","http://www.tropicos.org/Name/12800696","","Y","Synonym","Alchornea triplinervia","Alchornea triplinervia","(Spreng.) MÃ¼ll. Arg.","173592","species","http://www.tropicos.org/Name/12800700","","Euphorbiaceae","1","1","tropicos","",true,107
"104","Alchornea psilorhachis","1","918235","Alchornea psilorhachis","1","species","","","","Klotzsch ex Benth.","Euphorbiaceae","Alchornea","Alchornea","1","psilorhachis","psilorhachis","1","","","","","","","","","","","","http://www.tropicos.org/Name/50239963","","Y","No opinion","","","","","","","","","1","1","tropicos","",true,108
"105","Alchornea rotundifolia","1","918236","Alchornea rotundifolia","1","species","","","","Moric. ex Baill.","Euphorbiaceae","Alchornea","Alchornea","1","rotundifolia","rotundifolia","1","","","","","","","","","","","","http://www.tropicos.org/Name/50239964","","Y","No opinion","","","","","","","","","1","1","tropicos","",true,109
"106","Alchornea triplinervia fo. intermedia","1","918230","Alchornea triplinervia fo. intermedia","1","forma","","","","(Baill.) MÃ¼ll. Arg.","Euphorbiaceae","Alchornea","Alchornea","1","triplinervia","triplinervia","1","","","","fo.","intermedia","1","","","","","","http://www.tropicos.org/Name/50239958","","Y","Synonym","Alchornea triplinervia","Alchornea triplinervia","(Spreng.) MÃ¼ll. Arg.","173592","species","http://www.tropicos.org/Name/12800700","","Euphorbiaceae","1","1","tropicos","",true,110
"107","Alchornea triplinervia fo. psilorhachis","1","918241","Alchornea triplinervia fo. psilorhachis","1","forma","","","","MÃ¼ll. Arg.","Euphorbiaceae","Alchornea","Alchornea","1","triplinervia","triplinervia","1","","","","fo.","psilorhachis","1","","","","","","http://www.tropicos.org/Name/50239969","","Y","Synonym","Alchornea triplinervia","Alchornea triplinervia","(Spreng.) MÃ¼ll. Arg.","173592","species","http://www.tropicos.org/Name/12800700","","Euphorbiaceae","1","1","tropicos","",true,111
"108","Alchornea triplinervia var. boliviana","1","179180","Alchornea triplinervia var. boliviana","1","variety","","","","Pax & K. Hoffm.","Euphorbiaceae","Alchornea","Alchornea","1","triplinervia","triplinervia","1","","","","var.","boliviana","1","","","","","","http://www.tropicos.org/Name/12806527","","Y","Synonym","Alchornea triplinervia","Alchornea triplinervia","(Spreng.) MÃ¼ll. Arg.","173592","species","http://www.tropicos.org/Name/12800700","","Euphorbiaceae","1","1","tropicos","",true,112
"109","Alchornea triplinervia var. crassifolia","","","[No match found]","","","","","","","","","","","","","","","","","","","","","","","","","","","","","","","","","","","","","1","1","","",true,113
"110","Alchornea triplinervia var. genuina","1","173595","Alchornea triplinervia var. genuina","1","variety","","","","MÃ¼ll. Arg.","Euphorbiaceae","Alchornea","Alchornea","1","triplinervia","triplinervia","1","","","","var.","genuina","1","","","","","","http://www.tropicos.org/Name/12800704","","Y","No opinion","","","","","","","","","1","1","tropicos","",true,114
"111","Alchornea triplinervia var. iricuranoide","1","918244","Alchornea triplinervia var. iricuranoide","1","variety","","","","Chodat & Hassl.","Euphorbiaceae","Alchornea","Alchornea","1","triplinervia","triplinervia","1","","","","var.","iricuranoide","1","","","","","","http://www.tropicos.org/Name/50239972","","Y","Synonym","Alchornea triplinervia","Alchornea triplinervia","(Spreng.) MÃ¼ll. Arg.","173592","species","http://www.tropicos.org/Name/12800700","","Euphorbiaceae","1","1","tropicos","",true,115
"112","Alchornea triplinervia var. iricuranoides","1","1019088","Alchornea triplinervia var. iricuranoides","1","variety","","","","Chodat & Hassl.","Euphorbiaceae","Alchornea","Alchornea","1","triplinervia","triplinervia","1","","","","var.","iricuranoides","1","","","","","","http://www.tropicos.org/Name/100143287","","Y","Synonym","Alchornea triplinervia","Alchornea triplinervia","(Spreng.) MÃ¼ll. Arg.","173592","species","http://www.tropicos.org/Name/12800700","","Euphorbiaceae","1","1","tropicos","",true,116
"113","Alchornea triplinervia var. janeirensis","1","816061","Alchornea triplinervia var. janeirensis","1","variety","","","","(Casar.) MÃ¼ll. Arg.","Euphorbiaceae","Alchornea","Alchornea","1","triplinervia","triplinervia","1","","","","var.","janeirensis","1","","","","","","http://www.tropicos.org/Name/50134744","","Y","Synonym","Alchornea triplinervia","Alchornea triplinervia","(Spreng.) MÃ¼ll. Arg.","173592","species","http://www.tropicos.org/Name/12800700","","Euphorbiaceae","1","1","tropicos","",true,117
"114","Alchornea triplinervia var. laevigata","1","173593","Alchornea triplinervia var. laevigata","1","variety","","","","MÃ¼ll. Arg.","Euphorbiaceae","Alchornea","Alchornea","1","triplinervia","triplinervia","1","","","","var.","laevigata","1","","","","","","http://www.tropicos.org/Name/12800701","","Y","Synonym","Alchornea triplinervia","Alchornea triplinervia","(Spreng.) MÃ¼ll. Arg.","173592","species","http://www.tropicos.org/Name/12800700","","Euphorbiaceae","1","1","tropicos","",true,118
"115","Alchornea triplinervia var. lanceolata","1","918240","Alchornea triplinervia var. lanceolata","1","variety","","","","(Baill.) MÃ¼ll. Arg.","Euphorbiaceae","Alchornea","Alchornea","1","triplinervia","triplinervia","1","","","","var.","lanceolata","1","","","","","","http://www.tropicos.org/Name/50239968","","Y","Synonym","Alchornea triplinervia","Alchornea triplinervia","(Spreng.) MÃ¼ll. Arg.","173592","species","http://www.tropicos.org/Name/12800700","","Euphorbiaceae","1","1","tropicos","",true,119
"116","Alchornea triplinervia var. nemoralis","1","918231","Alchornea triplinervia var. nemoralis","1","variety","","","","(Mart.) Pax & K. Hoffm.","Euphorbiaceae","Alchornea","Alchornea","1","triplinervia","triplinervia","1","","","","var.","nemoralis","1","","","","","","http://www.tropicos.org/Name/50239959","","Y","Synonym","Alchornea triplinervia","Alchornea triplinervia","(Spreng.) MÃ¼ll. Arg.","173592","species","http://www.tropicos.org/Name/12800700","","Euphorbiaceae","1","1","tropicos","",true,120
"117","Alchornea triplinervia var. parvifolia","1","173594","Alchornea triplinervia var. parvifolia","1","variety","","","","(Miq.) MÃ¼ll. Arg.","Euphorbiaceae","Alchornea","Alchornea","1","triplinervia","triplinervia","1","","","","var.","parvifolia","1","","","","","","http://www.tropicos.org/Name/12800702","","Y","Synonym","Alchornea triplinervia","Alchornea triplinervia","(Spreng.) MÃ¼ll. Arg.","173592","species","http://www.tropicos.org/Name/12800700","","Euphorbiaceae","1","1","tropicos","",true,121
"118","Alchornea triplinervia var. tomentella","1","918243","Alchornea triplinervia var. tomentella","1","variety","","","","MÃ¼ll. Arg.","Euphorbiaceae","Alchornea","Alchornea","1","triplinervia","triplinervia","1","","","","var.","tomentella","1","","","","","","http://www.tropicos.org/Name/50239971","","Y","Synonym","Alchornea triplinervia","Alchornea triplinervia","(Spreng.) MÃ¼ll. Arg.","173592","species","http://www.tropicos.org/Name/12800700","","Euphorbiaceae","1","1","tropicos","",true,122
"119","Alchornea triplinervia var. trinitatis","1","943858","Alchornea triplinervia var. trinitatis","1","variety","","","","L. Riley","Euphorbiaceae","Alchornea","Alchornea","1","triplinervia","triplinervia","1","","","","var.","trinitatis","1","","","","","","http://www.tropicos.org/Name/50266115","","Y","Synonym","Alchornea triplinervia","Alchornea triplinervia","(Spreng.) MÃ¼ll. Arg.","173592","species","http://www.tropicos.org/Name/12800700","","Euphorbiaceae","1","1","tropicos","",true,123
"120","Antidesma guatemalensis","1","745307","Antidesma guatemalensis","1","species","","","","Lundell","Phyllanthaceae","Antidesma","Antidesma","1","guatemalensis","guatemalensis","1","","","","","","","","","","","","http://www.tropicos.org/Name/50062115","","Y","Synonym","Alchornea triplinervia","Alchornea triplinervia","(Spreng.) MÃ¼ll. Arg.","173592","species","http://www.tropicos.org/Name/12800700","","Euphorbiaceae","1","1","tropicos","",true,124
"121","Antidesma triplinervium","1","175286","Antidesma triplinervium","1","species","","","","Spreng.","Phyllanthaceae","Antidesma","Antidesma","1","triplinervium","triplinervium","1","","","","","","","","","","","","http://www.tropicos.org/Name/12802446","","Y","Synonym","Alchornea triplinervia","Alchornea triplinervia","(Spreng.) MÃ¼ll. Arg.","173592","species","http://www.tropicos.org/Name/12800700","","Euphorbiaceae","1","1","tropicos","",true,125
"122","Alchornea glandulosa var. genuina","1","917930","Alchornea glandulosa var. genuina","1","variety","","","","MÃ¼ll. Arg.","Euphorbiaceae","Alchornea","Alchornea","1","glandulosa","glandulosa","1","","","","var.","genuina","1","","","","","","http://www.tropicos.org/Name/50239653","","Y","No opinion","","","","","","","","","1","1","tropicos","",true,126
"123","Alchornea glandulosa var. hispida","1","917934","Alchornea glandulosa var. hispida","1","variety","","","","Pax & K. Hoffm.","Euphorbiaceae","Alchornea","Alchornea","1","glandulosa","glandulosa","1","","","","var.","hispida","1","","","","","","http://www.tropicos.org/Name/50239657","","Y","Synonym","Alchornea glandulosa","Alchornea glandulosa","Poepp.","173581","species","http://www.tropicos.org/Name/12800689","","Euphorbiaceae","1","1","tropicos","",true,127
"124","Alchornea glandulosa var. pavoniana","1","173582","Alchornea glandulosa var. pavoniana","1","variety","","","","MÃ¼ll. Arg.","Euphorbiaceae","Alchornea","Alchornea","1","glandulosa","glandulosa","1","","","","var.","pavoniana","1","","","","","","http://www.tropicos.org/Name/12800690","","Y","Synonym","Alchornea glandulosa","Alchornea glandulosa","Poepp.","173581","species","http://www.tropicos.org/Name/12800689","","Euphorbiaceae","1","1","tropicos","",true,128
"125","Alchornea glandulosa var. pittieri","1","175360","Alchornea glandulosa var. pittieri","1","variety","","","","(Pax) Pax","Euphorbiaceae","Alchornea","Alchornea","1","glandulosa","glandulosa","1","","","","var.","pittieri","1","","","","","","http://www.tropicos.org/Name/12802522","","Y","Synonym","Alchornea glandulosa","Alchornea glandulosa","Poepp.","173581","species","http://www.tropicos.org/Name/12800689","","Euphorbiaceae","1","1","tropicos","",true,129
"126","Alchornea nemoralis var. glandulosa","1","917932","Alchornea nemoralis var. glandulosa","1","variety","","","","Baill.","Euphorbiaceae","Alchornea","Alchornea","1","nemoralis","nemoralis","1","","","","var.","glandulosa","1","","","","","","http://www.tropicos.org/Name/50239655","","Y","No opinion","","","","","","","","","1","1","tropicos","",true,130
"127","Alchornea pittieri","1","742833","Alchornea pittieri","1","species","","","","Pax","Euphorbiaceae","Alchornea","Alchornea","1","pittieri","pittieri","1","","","","","","","","","","","","http://www.tropicos.org/Name/50059606","","Y","Synonym","Alchornea glandulosa","Alchornea glandulosa","Poepp.","173581","species","http://www.tropicos.org/Name/12800689","","Euphorbiaceae","1","1","tropicos","",true,131
"128","Alchornea sodiroi","1","173591","Alchornea sodiroi","1","species","","","","Pax & K. Hoffm.","Euphorbiaceae","Alchornea","Alchornea","1","sodiroi","sodiroi","1","","","","","","","","","","","","http://www.tropicos.org/Name/12800699","","Y","Accepted","Alchornea sodiroi","Alchornea sodiroi","Pax & K. Hoffm.","173591","species","http://www.tropicos.org/Name/12800699","","Euphorbiaceae","1","1","tropicos","",true,132
"129","Alchornea subrotunda","1","917931","Alchornea subrotunda","1","species","","","","Baill.","Euphorbiaceae","Alchornea","Alchornea","1","subrotunda","subrotunda","1","","","","","","","","","","","","http://www.tropicos.org/Name/50239654","","Y","No opinion","","","","","","","","","1","1","tropicos","",true,133
"130","Alchornea umboensis","1","848232","Alchornea umboensis","1","species","","","","Croizat","Euphorbiaceae","Alchornea","Alchornea","1","umboensis","umboensis","1","","","","","","","","","","","","http://www.tropicos.org/Name/50168207","","Y","Synonym","Alchornea glandulosa","Alchornea glandulosa","Poepp.","173581","species","http://www.tropicos.org/Name/12800689","","Euphorbiaceae","1","1","tropicos","",true,134
"131","Schmidelia excelsa","1","497406","Schmidelia excelsa","1","species","","","","Triana & Planch.","Sapindaceae","Schmidelia","Schmidelia","1","excelsa","excelsa","1","","","","","","","","","","","","http://www.tropicos.org/Name/28601527","","Y","Synonym","Allophylus excelsus","Allophylus excelsus","(Triana & Planch.) Radlk.","495969","species","http://www.tropicos.org/Name/28600052","","Sapindaceae","1","1","tropicos","",true,135
"132","Allophylus leiophloeus","1","496585","Allophylus leiophloeus","1","species","","","","Radlk.","Sapindaceae","Allophylus","Allophylus","1","leiophloeus","leiophloeus","1","","","","","","","","","","","","http://www.tropicos.org/Name/28600684","","Y","Accepted","Allophylus leiophloeus","Allophylus leiophloeus","Radlk.","496585","species","http://www.tropicos.org/Name/28600684","","Sapindaceae","1","1","tropicos","",true,136
"133","Schmidelia floribunda","1","496587","Schmidelia floribunda","1","species","","","","Poepp.","Sapindaceae","Schmidelia","Schmidelia","1","floribunda","floribunda","1","","","","","","","","","","","","http://www.tropicos.org/Name/28600686","","Y","Synonym","Allophylus floribundus","Allophylus floribundus","(Poepp.) Radlk.","496586","species","http://www.tropicos.org/Name/28600685","","Sapindaceae","1","1","tropicos","",true,137
"134","Cyathea aureonitens","1","453596","Cyathea aureonitens","1","species","","","","Christ","Cyatheaceae","Cyathea","Cyathea","1","aureonitens","aureonitens","1","","","","","","","","","","","","http://www.tropicos.org/Name/26616725","","Y","Synonym","Alsophila erinacea","Alsophila erinacea","(H. Karst.) D.S. Conant","443665","species","http://www.tropicos.org/Name/26606637","","Cyatheaceae","1","1","tropicos","",true,138
"135","Cyathea cuspidata var. rigida","1","451535","Cyathea cuspidata var. rigida","1","variety","","","","Rosenst.","Cyatheaceae","Cyathea","Cyathea","1","cuspidata","cuspidata","1","","","","var.","rigida","1","","","","","","http://www.tropicos.org/Name/26614627","","Y","Synonym","Alsophila erinacea","Alsophila erinacea","(H. Karst.) D.S. Conant","443665","species","http://www.tropicos.org/Name/26606637","","Cyatheaceae","1","1","tropicos","",true,139
"136","Cyathea erinacea","1","443663","Cyathea erinacea","1","species","","","","H. Karst.","Cyatheaceae","Cyathea","Cyathea","1","erinacea","erinacea","1","","","","","","","","","","","","http://www.tropicos.org/Name/26606635","","Y","Synonym","Alsophila erinacea","Alsophila erinacea","(H. Karst.) D.S. Conant","443665","species","http://www.tropicos.org/Name/26606637","","Cyatheaceae","1","1","tropicos","",true,140
"137","Cyathea purpurascens","1","453072","Cyathea purpurascens","1","species","","","","Sodiro","Cyatheaceae","Cyathea","Cyathea","1","purpurascens","purpurascens","1","","","","","","","","","","","","http://www.tropicos.org/Name/26616197","","Y","Synonym","Alsophila erinacea","Alsophila erinacea","(H. Karst.) D.S. Conant","443665","species","http://www.tropicos.org/Name/26606637","","Cyatheaceae","1","1","tropicos","",true,141
"138","Nephelea aureonitens","1","453597","Nephelea aureonitens","1","species","","","","(Christ) R.M. Tryon","Cyatheaceae","Nephelea","Nephelea","1","aureonitens","aureonitens","1","","","","","","","","","","","","http://www.tropicos.org/Name/26616726","","Y","Synonym","Alsophila erinacea","Alsophila erinacea","(H. Karst.) D.S. Conant","443665","species","http://www.tropicos.org/Name/26606637","","Cyatheaceae","1","1","tropicos","",true,142
"139","Nephelea erinacea","1","443666","Nephelea erinacea","1","species","","","","(H. Karst.) R.M. Tryon","Cyatheaceae","Nephelea","Nephelea","1","erinacea","erinacea","1","","","","","","","","","","","","http://www.tropicos.org/Name/26606638","","Y","Synonym","Alsophila erinacea","Alsophila erinacea","(H. Karst.) D.S. Conant","443665","species","http://www.tropicos.org/Name/26606637","","Cyatheaceae","1","1","tropicos","",true,143
"140","Alsophila costalis","1","445421","Alsophila costalis","1","species","","","","Christ","Cyatheaceae","Alsophila","Alsophila","1","costalis","costalis","1","","","","","","","","","","","","http://www.tropicos.org/Name/26608410","","Y","Synonym","Alsophila firma","Alsophila firma","(Baker) D.S. Conant","445817","species","http://www.tropicos.org/Name/26608813","","Cyatheaceae","1","1","tropicos","",true,144
"141","Alsophila furcata","1","458007","Alsophila furcata","1","species","","","","Christ","Cyatheaceae","Alsophila","Alsophila","1","furcata","furcata","1","","","","","","","","","","","","http://www.tropicos.org/Name/26621312","","Y","Synonym","Alsophila firma","Alsophila firma","(Baker) D.S. Conant","445817","species","http://www.tropicos.org/Name/26608813","","Cyatheaceae","1","1","tropicos","",true,145
"142","Alsophila tenerifrons","1","445423","Alsophila tenerifrons","1","species","","","","Christ","Cyatheaceae","Alsophila","Alsophila","1","tenerifrons","tenerifrons","1","","","","","","","","","","","","http://www.tropicos.org/Name/26608412","","Y","Synonym","Alsophila firma","Alsophila firma","(Baker) D.S. Conant","445817","species","http://www.tropicos.org/Name/26608813","","Cyatheaceae","1","1","tropicos","",true,146
"143","Cyathea arida","1","453598","Cyathea arida","1","species","","","","Christ","Cyatheaceae","Cyathea","Cyathea","1","arida","arida","1","","","","","","","","","","","","http://www.tropicos.org/Name/26616727","","Y","Synonym","Alsophila firma","Alsophila firma","(Baker) D.S. Conant","445817","species","http://www.tropicos.org/Name/26608813","","Cyatheaceae","1","1","tropicos","",true,147
"144","Cyathea articulata","1","457807","Cyathea articulata","1","species","","","","FÃ©e","Cyatheaceae","Cyathea","Cyathea","1","articulata","articulata","1","","","","","","","","","","","","http://www.tropicos.org/Name/26621109","","Y","Synonym","Alsophila firma","Alsophila firma","(Baker) D.S. Conant","445817","species","http://www.tropicos.org/Name/26608813","","Cyatheaceae","1","1","tropicos","",true,148
"147","Cyathea gemmifera","1","445426","Cyathea gemmifera","1","species","","","","Christ","Cyatheaceae","Cyathea","Cyathea","1","gemmifera","gemmifera","1","","","","","","","","","","","","http://www.tropicos.org/Name/26608415","","Y","Synonym","Alsophila firma","Alsophila firma","(Baker) D.S. Conant","445817","species","http://www.tropicos.org/Name/26608813","","Cyatheaceae","1","1","tropicos","",true,149
"148","Cyathea mexicana","1","444325","Cyathea mexicana","1","species","","","","Schltdl. & Cham.","Cyatheaceae","Cyathea","Cyathea","1","mexicana","mexicana","1","","","","","","","","","","","","http://www.tropicos.org/Name/26607302","","Y","Synonym","Alsophila firma","Alsophila firma","(Baker) D.S. Conant","445817","species","http://www.tropicos.org/Name/26608813","","Cyatheaceae","1","1","tropicos","",true,150
"149","Cyathea patellaris","1","445419","Cyathea patellaris","1","species","","","","Christ","Cyatheaceae","Cyathea","Cyathea","1","patellaris","patellaris","1","","","","","","","","","","","","http://www.tropicos.org/Name/26608408","","Y","Synonym","Alsophila firma","Alsophila firma","(Baker) D.S. Conant","445817","species","http://www.tropicos.org/Name/26608813","","Cyatheaceae","1","1","tropicos","",true,152
"150","Cyathea trejoi","1","457806","Cyathea trejoi","1","species","","","","Christ","Cyatheaceae","Cyathea","Cyathea","1","trejoi","trejoi","1","","","","","","","","","","","","http://www.tropicos.org/Name/26621108","","Y","Synonym","Alsophila firma","Alsophila firma","(Baker) D.S. Conant","445817","species","http://www.tropicos.org/Name/26608813","","Cyatheaceae","1","1","tropicos","",true,153
"151","Hemitelia firma","1","453078","Hemitelia firma","1","species","","","","Baker","Cyatheaceae","Hemitelia","Hemitelia","1","firma","firma","1","","","","","","","","","","","","http://www.tropicos.org/Name/26616203","","Y","Synonym","Alsophila firma","Alsophila firma","(Baker) D.S. Conant","445817","species","http://www.tropicos.org/Name/26608813","","Cyatheaceae","1","1","tropicos","",true,154
"152","Nephelea mexicana","1","444324","Nephelea mexicana","1","species","","","","(Schltdl. & Cham.) R.M. Tryon","Cyatheaceae","Nephelea","Nephelea","1","mexicana","mexicana","1","","","","","","","","","","","","http://www.tropicos.org/Name/26607301","","Y","Synonym","Alsophila firma","Alsophila firma","(Baker) D.S. Conant","445817","species","http://www.tropicos.org/Name/26608813","","Cyatheaceae","1","1","tropicos","",true,155
"153","Cyathea canescens","1","453076","Cyathea canescens","1","species","","","","Sodiro","Cyatheaceae","Cyathea","Cyathea","1","canescens","canescens","1","","","","","","","","","","","","http://www.tropicos.org/Name/26616201","","Y","Synonym","Nephelea canescens","Nephelea canescens","(Sodiro) R.M. Tryon","453077","species","http://www.tropicos.org/Name/26616202","","Cyatheaceae","1","1","tropicos","",true,156
"154","Cyathea incana","1","443672","Cyathea incana","1","species","","","","H. Karst.","Cyatheaceae","Cyathea","Cyathea","1","incana","incana","1","","","","","","","","","","","","http://www.tropicos.org/Name/26606644","","Y","Synonym","Alsophila incana","Alsophila incana","(H. Karst.) D.S. Conant","443674","species","http://www.tropicos.org/Name/26606646","","Cyatheaceae","1","1","tropicos","",true,157
"155","Cyathea sprucei","1","453075","Cyathea sprucei","1","species","","","","Hook.","Cyatheaceae","Cyathea","Cyathea","1","sprucei","sprucei","1","","","","","","","","","","","","http://www.tropicos.org/Name/26616200","","Y","Synonym","Cyathea poeppigii","Cyathea poeppigii","(Hook.) Domin","443651","species","http://www.tropicos.org/Name/26606623","","Cyatheaceae","1","1","tropicos","",true,158
"156","Nephelea incana","1","443675","Nephelea incana","1","species","","","","(H. Karst.) Gastony","Cyatheaceae","Nephelea","Nephelea","1","incana","incana","1","","","","","","","","","","","","http://www.tropicos.org/Name/26606647","","Y","Synonym","Alsophila incana","Alsophila incana","(H. Karst.) D.S. Conant","443674","species","http://www.tropicos.org/Name/26606646","","Cyatheaceae","1","1","tropicos","",true,159
"157","Cyathea cuspidata","1","443668","Cyathea cuspidata","1","species","","","","Kunze","Cyatheaceae","Cyathea","Cyathea","1","cuspidata","cuspidata","1","","","","","","","","","","","","http://www.tropicos.org/Name/26606640","","Y","Synonym","Alsophila cuspidata","Alsophila cuspidata","(Kunze) D.S. Conant","443670","species","http://www.tropicos.org/Name/26606642","","Cyatheaceae","1","1","tropicos","",true,160
"158","Cyathea hassleriana","1","452411","Cyathea hassleriana","1","species","","","","Christ","Cyatheaceae","Cyathea","Cyathea","1","hassleriana","hassleriana","1","","","","","","","","","","","","http://www.tropicos.org/Name/26615533","","Y","Synonym","Alsophila cuspidata","Alsophila cuspidata","(Kunze) D.S. Conant","443670","species","http://www.tropicos.org/Name/26606642","","Cyatheaceae","1","1","tropicos","",true,161
"159","Cyathea hassleriana var. rojasii","1","452412","Cyathea hassleriana var. rojasii","1","variety","","","","Hassl.","Cyatheaceae","Cyathea","Cyathea","1","hassleriana","hassleriana","1","","","","var.","rojasii","1","","","","","","http://www.tropicos.org/Name/26615534","","Y","Synonym","Alsophila cuspidata","Alsophila cuspidata","(Kunze) D.S. Conant","443670","species","http://www.tropicos.org/Name/26606642","","Cyatheaceae","1","1","tropicos","",true,162
"160","Cyathea oxyacantha","1","453074","Cyathea oxyacantha","1","species","","","","Sodiro","Cyatheaceae","Cyathea","Cyathea","1","oxyacantha","oxyacantha","1","","","","","","","","","","","","http://www.tropicos.org/Name/26616199","","Y","Synonym","Alsophila cuspidata","Alsophila cuspidata","(Kunze) D.S. Conant","443670","species","http://www.tropicos.org/Name/26606642","","Cyatheaceae","1","1","tropicos","",true,163
"161","Cyathea oyapoka","1","458003","Cyathea oyapoka","1","species","","","","Jenman","Cyatheaceae","Cyathea","Cyathea","1","oyapoka","oyapoka","1","","","","","","","","","","","","http://www.tropicos.org/Name/26621308","","Y","Synonym","Alsophila cuspidata","Alsophila cuspidata","(Kunze) D.S. Conant","443670","species","http://www.tropicos.org/Name/26606642","","Cyatheaceae","1","1","tropicos","",true,164
"162","Cyathea punctifera","1","453595","Cyathea punctifera","1","species","","","","Christ","Cyatheaceae","Cyathea","Cyathea","1","punctifera","punctifera","1","","","","","","","","","","","","http://www.tropicos.org/Name/26616724","","Y","Synonym","Alsophila cuspidata","Alsophila cuspidata","(Kunze) D.S. Conant","443670","species","http://www.tropicos.org/Name/26606642","","Cyatheaceae","1","1","tropicos","",true,165
"163","Nephelea cuspidata","1","443671","Nephelea cuspidata","1","species","","","","(Kunze) R.M. Tryon","Cyatheaceae","Nephelea","Nephelea","1","cuspidata","cuspidata","1","","","","","","","","","","","","http://www.tropicos.org/Name/26606643","","Y","Synonym","Alsophila cuspidata","Alsophila cuspidata","(Kunze) D.S. Conant","443670","species","http://www.tropicos.org/Name/26606642","","Cyatheaceae","1","1","tropicos","",true,166
"164","Raimondia deceptrix","1","746406","Raimondia deceptrix","1","species","","","","Westra","Annonaceae","Raimondia","Raimondia","1","deceptrix","deceptrix","1","","","","","","","","","","","","http://www.tropicos.org/Name/50063233","","Y","Synonym","Annona deceptrix","Annona deceptrix","(Westra) H. Rainer","892408","species","http://www.tropicos.org/Name/50213549","","Annonaceae","1","1","tropicos","",true,167
"167","Annona obtusiflora","1","15037","Annona obtusiflora","1","species","","","","Tussac","Annonaceae","Annona","Annona","1","obtusiflora","obtusiflora","1","","","","","","","","","","","","http://www.tropicos.org/Name/1600787","","Y","Synonym","Rollinia mucosa","Rollinia mucosa","(Jacq.) Baill.","15034","species","http://www.tropicos.org/Name/1600784","","Annonaceae","1","1","tropicos","",true,168
"168","Annona obtusifolia","1","16839","Annona obtusifolia","1","species","","","","DC.","Annonaceae","Annona","Annona","1","obtusifolia","obtusifolia","1","","","","","","","","","","","","http://www.tropicos.org/Name/1602620","","Y","Synonym","Annona mucosa","Annona mucosa","Jacq.","15035","species","http://www.tropicos.org/Name/1600785","","Annonaceae","1","1","tropicos","",true,169
"171","Annona pterocarpa","1","15048","Annona pterocarpa","1","species","","","","Ruiz & Pavon ex G. Don","Annonaceae","Annona","Annona","1","pterocarpa","pterocarpa","1","","","","","","","","","","","","http://www.tropicos.org/Name/1600799","","Y","No opinion","","","","","","","","","1","1","tropicos","",true,171
"174","Annona reticulata var. mucosa","1","15036","Annona reticulata var. mucosa","1","variety","","","","(Jacq.) Willd.","Annonaceae","Annona","Annona","1","reticulata","reticulata","1","","","","var.","mucosa","1","","","","","","http://www.tropicos.org/Name/1600786","","Y","Synonym","Rollinia mucosa","Rollinia mucosa","(Jacq.) Baill.","15034","species","http://www.tropicos.org/Name/1600784","","Annonaceae","1","1","tropicos","",true,172
"175","Rollinia biflora","1","15039","Rollinia biflora","1","species","","","","Ruiz & Pavon ex G. Don","Annonaceae","Rollinia","Rollinia","1","biflora","biflora","1","","","","","","","","","","","","http://www.tropicos.org/Name/1600789","","Y","Synonym","Rollinia mucosa","Rollinia mucosa","(Jacq.) Baill.","15034","species","http://www.tropicos.org/Name/1600784","","Annonaceae","1","1","tropicos","",true,173
"176","Rollinia curvipetala","1","15044","Rollinia curvipetala","1","species","","","","R.E. Fr.","Annonaceae","Rollinia","Rollinia","1","curvipetala","curvipetala","1","","","","","","","","","","","","http://www.tropicos.org/Name/1600795","","Y","Synonym","Annona mucosa","Annona mucosa","Jacq.","15035","species","http://www.tropicos.org/Name/1600785","","Annonaceae","1","1","tropicos","",true,174
"177","Rollinia deliciosa","1","16633","Rollinia deliciosa","1","species","","","","Saff.","Annonaceae","Rollinia","Rollinia","1","deliciosa","deliciosa","1","","","","","","","","","","","","http://www.tropicos.org/Name/1602409","","Y","Synonym","Rollinia mucosa","Rollinia mucosa","(Jacq.) Baill.","15034","species","http://www.tropicos.org/Name/1600784","","Annonaceae","1","1","tropicos","",true,175
"178","Rollinia jimenezii","1","15073","Rollinia jimenezii","1","species","","","","Saff.","Annonaceae","Rollinia","Rollinia","1","jimenezii","jimenezii","1","","","","","","","","","","","","http://www.tropicos.org/Name/1600825","","Y","Accepted","Rollinia jimenezii","Rollinia jimenezii","Saff.","15073","species","http://www.tropicos.org/Name/1600825","","Annonaceae","1","1","tropicos","",true,176
"179","Rollinia jimenezii var. nelsonii","1","16552","Rollinia jimenezii var. nelsonii","1","variety","","","","R.E. Fr.","Annonaceae","Rollinia","Rollinia","1","jimenezii","jimenezii","1","","","","var.","nelsonii","1","","","","","","http://www.tropicos.org/Name/1602328","","Y","Synonym","Rollinia mucosa","Rollinia mucosa","(Jacq.) Baill.","15034","species","http://www.tropicos.org/Name/1600784","","Annonaceae","1","1","tropicos","",true,177
"180","Rollinia micrantha","1","16677","Rollinia micrantha","1","species","","","","G. Don","Annonaceae","Rollinia","Rollinia","1","micrantha","micrantha","1","","","","","","","","","","","","http://www.tropicos.org/Name/1602453","","Y","Synonym","Annona parviflora","Annona parviflora","Ruiz & Pav. ex E.A. LÃ³pez","14364","species","http://www.tropicos.org/Name/1600087","","Annonaceae","1","1","tropicos","",true,178
"181","Rollinia mucosa","1","15034","Rollinia mucosa","1","species","","","","(Jacq.) Baill.","Annonaceae","Rollinia","Rollinia","1","mucosa","mucosa","1","","","","","","","","","","","","http://www.tropicos.org/Name/1600784","","Y","Accepted","Rollinia mucosa","Rollinia mucosa","(Jacq.) Baill.","15034","species","http://www.tropicos.org/Name/1600784","","Annonaceae","1","1","tropicos","",true,179
"182","Rollinia mucosa subsp. aequatorialis","1","15041","Rollinia mucosa subsp. aequatorialis","1","subspecies","","","","R.E. Fr.","Annonaceae","Rollinia","Rollinia","1","mucosa","mucosa","1","","","","subsp.","aequatorialis","1","","","","","","http://www.tropicos.org/Name/1600792","","Y","Synonym","Rollinia mucosa","Rollinia mucosa","(Jacq.) Baill.","15034","species","http://www.tropicos.org/Name/1600784","","Annonaceae","1","1","tropicos","",true,180
"183","Rollinia mucosa subsp. portoricensis","1","16634","Rollinia mucosa subsp. portoricensis","1","subspecies","","","","R.E. Fr.","Annonaceae","Rollinia","Rollinia","1","mucosa","mucosa","1","","","","subsp.","portoricensis","1","","","","","","http://www.tropicos.org/Name/1602410","","Y","Synonym","Annona mucosa","Annona mucosa","Jacq.","15035","species","http://www.tropicos.org/Name/1600785","","Annonaceae","1","1","tropicos","",true,181
"184","Rollinia mucosa var. macropoda","1","16635","Rollinia mucosa var. macropoda","1","variety","","","","R.E. Fr.","Annonaceae","Rollinia","Rollinia","1","mucosa","mucosa","1","","","","var.","macropoda","1","","","","","","http://www.tropicos.org/Name/1602411","","Y","Synonym","Rollinia mucosa","Rollinia mucosa","(Jacq.) Baill.","15034","species","http://www.tropicos.org/Name/1600784","","Annonaceae","1","1","tropicos","",true,182
"185","Rollinia mucosa var. neglecta","1","15040","Rollinia mucosa var. neglecta","1","variety","","","","(R.E. Fr.) R.E. Fr.","Annonaceae","Rollinia","Rollinia","1","mucosa","mucosa","1","","","","var.","neglecta","1","","","","","","http://www.tropicos.org/Name/1600791","","Y","Synonym","Rollinia mucosa","Rollinia mucosa","(Jacq.) Baill.","15034","species","http://www.tropicos.org/Name/1600784","","Annonaceae","1","1","tropicos","",true,183
"186","Rollinia neglecta","1","14692","Rollinia neglecta","1","species","","","","R.E. Fr.","Annonaceae","Rollinia","Rollinia","1","neglecta","neglecta","1","","","","","","","","","","","","http://www.tropicos.org/Name/1600429","","Y","Synonym","Rollinia mucosa","Rollinia mucosa","(Jacq.) Baill.","15034","species","http://www.tropicos.org/Name/1600784","","Annonaceae","1","1","tropicos","",true,184
"187","Rollinia orthopetala","1","14693","Rollinia orthopetala","1","species","","","","A. DC.","Annonaceae","Rollinia","Rollinia","1","orthopetala","orthopetala","1","","","","","","","","","","","","http://www.tropicos.org/Name/1600430","","Y","Synonym","Rollinia mucosa","Rollinia mucosa","(Jacq.) Baill.","15034","species","http://www.tropicos.org/Name/1600784","","Annonaceae","1","1","tropicos","",true,185
"188","Rollinia permensis","1","14697","Rollinia permensis","1","species","","","","Standl.","Annonaceae","Rollinia","Rollinia","1","permensis","permensis","1","","","","","","","","","","","","http://www.tropicos.org/Name/1600434","","Y","Synonym","Rollinia mucosa","Rollinia mucosa","(Jacq.) Baill.","15034","species","http://www.tropicos.org/Name/1600784","","Annonaceae","1","1","tropicos","",true,186
"189","Rollinia pterocarpa","1","14702","Rollinia pterocarpa","1","species","","","","G. Don","Annonaceae","Rollinia","Rollinia","1","pterocarpa","pterocarpa","1","","","","","","","","","","","","http://www.tropicos.org/Name/1600439","","Y","Synonym","Rollinia mucosa","Rollinia mucosa","(Jacq.) Baill.","15034","species","http://www.tropicos.org/Name/1600784","","Annonaceae","1","1","tropicos","",true,187
"190","Rollinia pulchrinervia","1","15632","Rollinia pulchrinervia","1","species","","","","A. DC.","Annonaceae","Rollinia","Rollinia","1","pulchrinervia","pulchrinervia","1","","","","","","","","","","","","http://www.tropicos.org/Name/1601399","","Y","Synonym","Annona mucosa","Annona mucosa","Jacq.","15035","species","http://www.tropicos.org/Name/1600785","","Annonaceae","1","1","tropicos","",true,188
"191","Rollinia sieberi","1","14708","Rollinia sieberi","1","species","","","","A. DC.","Annonaceae","Rollinia","Rollinia","1","sieberi","sieberi","1","","","","","","","","","","","","http://www.tropicos.org/Name/1600445","","Y","Synonym","Rollinia mucosa","Rollinia mucosa","(Jacq.) Baill.","15034","species","http://www.tropicos.org/Name/1600784","","Annonaceae","1","1","tropicos","",true,189
"192","Aphelandra quercifolia","1","207","Aphelandra quercifolia","1","species","","","","Nees","Acanthaceae","Aphelandra","Aphelandra","1","quercifolia","quercifolia","1","","","","","","","","","","","","http://www.tropicos.org/Name/100227","","Y","Synonym","Aphelandra acanthus","Aphelandra acanthus","Nees","136","species","http://www.tropicos.org/Name/100155","","Acanthaceae","1","1","tropicos","",true,190
"193","Odontophyllum acanthus","1","3847","Odontophyllum acanthus","1","species","","","","(Nees) Sreem.","Acanthaceae","Odontophyllum","Odontophyllum","1","acanthus","acanthus","1","","","","","","","","","","","","http://www.tropicos.org/Name/103969","","Y","Synonym","Aphelandra acanthus","Aphelandra acanthus","Nees","136","species","http://www.tropicos.org/Name/100155","","Acanthaceae","1","1","tropicos","",true,191
"194","Axinaea affinis","1","305181","Axinaea affinis","1","species","","","","(Naudin) Cogn.","Melastomataceae","Axinaea","Axinaea","1","affinis","affinis","1","","","","","","","","","","","","http://www.tropicos.org/Name/20300332","","Y","Accepted","Axinaea affinis","Axinaea affinis","(Naudin) Cogn.","305181","species","http://www.tropicos.org/Name/20300332","","Melastomataceae","1","1","tropicos","",true,192
"195","Axinaea floribunda","1","305186","Axinaea floribunda","1","species","","","","(Naudin) Triana","Melastomataceae","Axinaea","Axinaea","1","floribunda","floribunda","1","","","","","","","","","","","","http://www.tropicos.org/Name/20300337","","Y","Accepted","Axinaea floribunda","Axinaea floribunda","(Naudin) Triana","305186","species","http://www.tropicos.org/Name/20300337","","Melastomataceae","1","1","tropicos","",true,193
"196","Chastenaea floribunda","1","866737","Chastenaea floribunda","1","species","","","","Naudin","Melastomataceae","Chastenaea","Chastenaea","1","floribunda","floribunda","1","","","","","","","","","","","","http://www.tropicos.org/Name/50187226","","Y","Synonym","Axinaea macrophylla","Axinaea macrophylla","(Naudin) Triana","305192","species","http://www.tropicos.org/Name/20300343","","Melastomataceae","1","1","tropicos","",true,194
"197","Chastenaea macrophylla","1","308314","Chastenaea macrophylla","1","species","","","","Naudin","Melastomataceae","Chastenaea","Chastenaea","1","macrophylla","macrophylla","1","","","","","","","","","","","","http://www.tropicos.org/Name/20303569","","Y","Synonym","Axinaea macrophylla","Axinaea macrophylla","(Naudin) Triana","305192","species","http://www.tropicos.org/Name/20300343","","Melastomataceae","1","1","tropicos","",true,195
"198","Kuhlia glauca","1","255293","Kuhlia glauca","1","species","","","","Kunth","Salicaceae","Kuhlia","Kuhlia","1","glauca","glauca","1","","","","","","","","","","","","http://www.tropicos.org/Name/13200204","","Y","Synonym","Banara glauca","Banara glauca","(Kunth) Benth.","255144","species","http://www.tropicos.org/Name/13200052","","Salicaceae","1","1","tropicos","",true,196
"199","Banara magnifolia","1","255152","Banara magnifolia","1","species","","","","Sleumer","Salicaceae","Banara","Banara","1","magnifolia","magnifolia","1","","","","","","","","","","","","http://www.tropicos.org/Name/13200060","","Y","Synonym","Banara regia","Banara regia","Sandwith","256133","species","http://www.tropicos.org/Name/13201122","","Salicaceae","1","1","tropicos","",true,197
"200","Ocotea alloiophylla","1","280016","Ocotea alloiophylla","1","species","","","","Rusby","Lauraceae","Ocotea","Ocotea","1","alloiophylla","alloiophylla","1","","","","","","","","","","","","http://www.tropicos.org/Name/17801862","","Y","Synonym","Beilschmiedia alloiophylla","Beilschmiedia alloiophylla","(Rusby) Kosterm.","280567","species","http://www.tropicos.org/Name/17802444","","Lauraceae","1","1","tropicos","",true,198
"201","Aniba pseudo-coto","1","280655","Aniba pseudo-coto","1","species","","","","(Rusby) Kosterm.","Lauraceae","Aniba","Aniba","1","pseudo-coto","pseudo-coto","1","","","","","","","","","","","","http://www.tropicos.org/Name/17802534","","Y","Synonym","Beilschmiedia tovarensis","Beilschmiedia tovarensis","(Klotzsch & H. Karst. ex Meisn.) Sach. Nishida","807803","species","http://www.tropicos.org/Name/50126255","","Lauraceae","1","1","tropicos","",true,199
"202","Hufelandia tovarensis","1","282144","Hufelandia tovarensis","1","species","","","","Klotzsch & H. Karst. ex Meisn.","Lauraceae","Hufelandia","Hufelandia","1","tovarensis","tovarensis","1","","","","","","","","","","","","http://www.tropicos.org/Name/17804071","","Y","Synonym","Beilschmiedia tovarensis","Beilschmiedia tovarensis","(Klotzsch & H. Karst. ex Meisn.) Sach. Nishida","807803","species","http://www.tropicos.org/Name/50126255","","Lauraceae","1","1","tropicos","",true,200
"203","Ocotea pseudo-coto","1","280241","Ocotea pseudo-coto","1","species","","","","Rusby","Lauraceae","Ocotea","Ocotea","1","pseudo-coto","pseudo-coto","1","","","","","","","","","","","","http://www.tropicos.org/Name/17802111","","Y","Synonym","Beilschmiedia tovarensis","Beilschmiedia tovarensis","(Klotzsch & H. Karst. ex Meisn.) Sach. Nishida","807803","species","http://www.tropicos.org/Name/50126255","","Lauraceae","1","1","tropicos","",true,201
"204","Beilschmiedia brenesii","1","280786","Beilschmiedia brenesii","1","species","","","","C.K. Allen","Lauraceae","Beilschmiedia","Beilschmiedia","1","brenesii","brenesii","1","","","","","","","","","","","","http://www.tropicos.org/Name/17802669","","Y","Accepted","Beilschmiedia brenesii","Beilschmiedia brenesii","C.K. Allen","280786","species","http://www.tropicos.org/Name/17802669","","Lauraceae","1","1","tropicos","",true,202
"205","Beilschmiedia costaricensis","1","280795","Beilschmiedia costaricensis","1","species","","","","(Mez & Pittier) C.K. Allen","Lauraceae","Beilschmiedia","Beilschmiedia","1","costaricensis","costaricensis","1","","","","","","","","","","","","http://www.tropicos.org/Name/17802678","","Y","Accepted","Beilschmiedia costaricensis","Beilschmiedia costaricensis","(Mez & Pittier) C.K. Allen","280795","species","http://www.tropicos.org/Name/17802678","","Lauraceae","1","1","tropicos","",true,203
"206","Cryptocarya kostermansiana","1","281021","Cryptocarya kostermansiana","1","species","","","","C.K. Allen","Lauraceae","Cryptocarya","Cryptocarya","1","kostermansiana","kostermansiana","1","","","","","","","","","","","","http://www.tropicos.org/Name/17802906","","Y","Synonym","Beilschmiedia costaricensis","Beilschmiedia costaricensis","(Mez & Pittier) C.K. Allen","280795","species","http://www.tropicos.org/Name/17802678","","Lauraceae","1","1","tropicos","",true,204
"207","Hufelandia costaricensis","1","282924","Hufelandia costaricensis","1","species","","","","Mez & Pittier","Lauraceae","Hufelandia","Hufelandia","1","costaricensis","costaricensis","1","","","","","","","","","","","","http://www.tropicos.org/Name/17804942","","Y","Synonym","Beilschmiedia costaricensis","Beilschmiedia costaricensis","(Mez & Pittier) C.K. Allen","280795","species","http://www.tropicos.org/Name/17802678","","Lauraceae","1","1","tropicos","",true,205
"208","Hufelandia pendula","1","282312","Hufelandia pendula","1","species","","","","(Sw.) Nees","Lauraceae","Hufelandia","Hufelandia","1","pendula","pendula","1","","","","","","","","","","","","http://www.tropicos.org/Name/17804313","","Y","Synonym","Beilschmiedia pendula","Beilschmiedia pendula","(Sw.) Hemsl.","278691","species","http://www.tropicos.org/Name/17800506","","Lauraceae","1","1","tropicos","",true,206
"209","Hufelandia thomaea","1","282645","Hufelandia thomaea","1","species","","","","Nees","Lauraceae","Hufelandia","Hufelandia","1","thomaea","thomaea","1","","","","","","","","","","","","http://www.tropicos.org/Name/17804655","","Y","Synonym","Beilschmiedia pendula","Beilschmiedia pendula","(Sw.) Hemsl.","278691","species","http://www.tropicos.org/Name/17800506","","Lauraceae","1","1","tropicos","",true,207
"210","Laurus pendula","1","282669","Laurus pendula","1","species","","","","Sw.","Lauraceae","Laurus","Laurus","1","pendula","pendula","1","","","","","","","","","","","","http://www.tropicos.org/Name/17804682","","Y","Synonym","Beilschmiedia pendula","Beilschmiedia pendula","(Sw.) Hemsl.","278691","species","http://www.tropicos.org/Name/17800506","","Lauraceae","1","1","tropicos","",true,208
"211","Billia columbiana","1","263605","Billia columbiana","1","species","","","","Planch. & Linden","Sapindaceae","Billia","Billia","1","columbiana","columbiana","1","","","","","","","","","","","","http://www.tropicos.org/Name/15500005","","Y","No opinion","","","","","","","","","1","1","tropicos","",true,209
"212","Billia hippocastanum","1","263613","Billia hippocastanum","1","species","","","","Peyr.","Sapindaceae","Billia","Billia","1","hippocastanum","hippocastanum","1","","","","","","","","","","","","http://www.tropicos.org/Name/15500014","","Y","Accepted","Billia hippocastanum","Billia hippocastanum","Peyr.","263613","species","http://www.tropicos.org/Name/15500014","","Sapindaceae","1","1","tropicos","",true,210
"213","Putzeysia rosea","1","263614","Putzeysia rosea","1","species","","","","Planch. & Linden","Sapindaceae","Putzeysia","Putzeysia","1","rosea","rosea","1","","","","","","","","","","","","http://www.tropicos.org/Name/15500015","","Y","Synonym","Billia rosea","Billia rosea","(Planch. & Linden) C. Ulloa & P. JÃ¸rg.","874202","species","http://www.tropicos.org/Name/50194899","","Sapindaceae","1","1","tropicos","",true,211
"214","Topobea rotundifolia","1","309145","Topobea rotundifolia","1","species","","","","(D. Don) Naudin","Melastomataceae","Topobea","Topobea","1","rotundifolia","rotundifolia","1","","","","","","","","","","","","http://www.tropicos.org/Name/20304413","","Y","Synonym","Blakea rotundifolia","Blakea rotundifolia","D. Don","305238","species","http://www.tropicos.org/Name/20300389","","Melastomataceae","1","1","tropicos","",true,212
"215","Boehmeria fallax var. cordata","1","525557","Boehmeria fallax var. cordata","1","variety","","","","Wedd.","Urticaceae","Boehmeria","Boehmeria","1","fallax","fallax","1","","","","var.","cordata","1","","","","","","http://www.tropicos.org/Name/33400438","","Y","Synonym","Boehmeria ulmifolia","Boehmeria ulmifolia","Wedd.","525611","species","http://www.tropicos.org/Name/33400492","","Urticaceae","1","1","tropicos","",true,213
"216","Alicastrum guianense","1","313428","Alicastrum guianense","1","species","","","","(Aubl.) Kuntze","Moraceae","Alicastrum","Alicastrum","1","guianense","guianense","1","","","","","","","","","","","","http://www.tropicos.org/Name/21301108","","Y","Synonym","Brosimum guianense","Brosimum guianense","(Aubl.) Huber","312864","species","http://www.tropicos.org/Name/21300523","","Moraceae","1","1","tropicos","",true,214
"217","Brosimum aubletii","1","312379","Brosimum aubletii","1","species","","","","Poepp. & Endl.","Moraceae","Brosimum","Brosimum","1","aubletii","aubletii","1","","","","","","","","","","","","http://www.tropicos.org/Name/21300030","","Y","No opinion","","","","","","","","","1","1","tropicos","",true,215
"218","Brosimum discolor","1","313429","Brosimum discolor","1","species","","","","Schott","Moraceae","Brosimum","Brosimum","1","discolor","discolor","1","","","","","","","","","","","","http://www.tropicos.org/Name/21301109","","Y","Synonym","Brosimum guianense","Brosimum guianense","(Aubl.) Huber","312864","species","http://www.tropicos.org/Name/21300523","","Moraceae","1","1","tropicos","",true,216
"219","Brosimum lecointei","1","312386","Brosimum lecointei","1","species","","","","Ducke","Moraceae","Brosimum","Brosimum","1","lecointei","lecointei","1","","","","","","","","","","","","http://www.tropicos.org/Name/21300037","","Y","Synonym","Brosimum guianense","Brosimum guianense","(Aubl.) Huber","312864","species","http://www.tropicos.org/Name/21300523","","Moraceae","1","1","tropicos","",true,217
"220","Brosimum lemeei","1","313435","Brosimum lemeei","1","species","","","","(Benoist) LemÃ©e","Moraceae","Brosimum","Brosimum","1","lemeei","lemeei","1","","","","","","","","","","","","http://www.tropicos.org/Name/21301115","","Y","Synonym","Brosimum guianense","Brosimum guianense","(Aubl.) Huber","312864","species","http://www.tropicos.org/Name/21300523","","Moraceae","1","1","tropicos","",true,218
"221","Brosimum palmarum","1","313437","Brosimum palmarum","1","species","","","","Standl.","Moraceae","Brosimum","Brosimum","1","palmarum","palmarum","1","","","","","","","","","","","","http://www.tropicos.org/Name/21301117","","Y","Synonym","Brosimum guianense","Brosimum guianense","(Aubl.) Huber","312864","species","http://www.tropicos.org/Name/21300523","","Moraceae","1","1","tropicos","",true,219
"222","Brosimum panamense","1","312977","Brosimum panamense","1","species","","","","(Pittier) Standl. & Steyerm.","Moraceae","Brosimum","Brosimum","1","panamense","panamense","1","","","","","","","","","","","","http://www.tropicos.org/Name/21300637","","Y","Synonym","Brosimum guianense","Brosimum guianense","(Aubl.) Huber","312864","species","http://www.tropicos.org/Name/21300523","","Moraceae","1","1","tropicos","",true,220
"223","Brosimum rotundatum","1","313438","Brosimum rotundatum","1","species","","","","Standl.","Moraceae","Brosimum","Brosimum","1","rotundatum","rotundatum","1","","","","","","","","","","","","http://www.tropicos.org/Name/21301118","","Y","Synonym","Brosimum guianense","Brosimum guianense","(Aubl.) Huber","312864","species","http://www.tropicos.org/Name/21300523","","Moraceae","1","1","tropicos","",true,221
"224","Brosimum tessmannii","1","312393","Brosimum tessmannii","1","species","","","","Mildbr.","Moraceae","Brosimum","Brosimum","1","tessmannii","tessmannii","1","","","","","","","","","","","","http://www.tropicos.org/Name/21300044","","Y","Synonym","Brosimum guianense","Brosimum guianense","(Aubl.) Huber","312864","species","http://www.tropicos.org/Name/21300523","","Moraceae","1","1","tropicos","",true,222
"225","Brosimum velutinum","1","313433","Brosimum velutinum","1","species","","","","(S.F. Blake) Ducke","Moraceae","Brosimum","Brosimum","1","velutinum","velutinum","1","","","","","","","","","","","","http://www.tropicos.org/Name/21301113","","Y","Synonym","Brosimum guianense","Brosimum guianense","(Aubl.) Huber","312864","species","http://www.tropicos.org/Name/21300523","","Moraceae","1","1","tropicos","",true,223
"226","Piratinera discolor","1","313430","Piratinera discolor","1","species","","","","(Schott) Pittier","Moraceae","Piratinera","Piratinera","1","discolor","discolor","1","","","","","","","","","","","","http://www.tropicos.org/Name/21301110","","Y","Synonym","Brosimum guianense","Brosimum guianense","(Aubl.) Huber","312864","species","http://www.tropicos.org/Name/21300523","","Moraceae","1","1","tropicos","",true,224
"227","Piratinera guianensis","1","312643","Piratinera guianensis","1","species","","","","Aubl.","Moraceae","Piratinera","Piratinera","1","guianensis","guianensis","1","","","","","","","","","","","","http://www.tropicos.org/Name/21300298","","Y","Synonym","Brosimum guianense","Brosimum guianense","(Aubl.) Huber","312864","species","http://www.tropicos.org/Name/21300523","","Moraceae","1","1","tropicos","",true,225
"228","Piratinera lemeei","1","313434","Piratinera lemeei","1","species","","","","Benoist","Moraceae","Piratinera","Piratinera","1","lemeei","lemeei","1","","","","","","","","","","","","http://www.tropicos.org/Name/21301114","","Y","Synonym","Brosimum guianense","Brosimum guianense","(Aubl.) Huber","312864","species","http://www.tropicos.org/Name/21300523","","Moraceae","1","1","tropicos","",true,226
"229","Piratinera mollis","1","313436","Piratinera mollis","1","species","","","","Killip","Moraceae","Piratinera","Piratinera","1","mollis","mollis","1","","","","","","","","","","","","http://www.tropicos.org/Name/21301116","","Y","Synonym","Brosimum guianense","Brosimum guianense","(Aubl.) Huber","312864","species","http://www.tropicos.org/Name/21300523","","Moraceae","1","1","tropicos","",true,227
"230","Piratinera panamensis","1","313139","Piratinera panamensis","1","species","","","","Pittier","Moraceae","Piratinera","Piratinera","1","panamensis","panamensis","1","","","","","","","","","","","","http://www.tropicos.org/Name/21300802","","Y","Synonym","Brosimum guianense","Brosimum guianense","(Aubl.) Huber","312864","species","http://www.tropicos.org/Name/21300523","","Moraceae","1","1","tropicos","",true,228
"231","Piratinera scabridula","1","313431","Piratinera scabridula","1","species","","","","S.F. Blake","Moraceae","Piratinera","Piratinera","1","scabridula","scabridula","1","","","","","","","","","","","","http://www.tropicos.org/Name/21301111","","Y","Synonym","Brosimum guianense","Brosimum guianense","(Aubl.) Huber","312864","species","http://www.tropicos.org/Name/21300523","","Moraceae","1","1","tropicos","",true,229
"232","Piratinera velutina","1","313432","Piratinera velutina","1","species","","","","S.F. Blake","Moraceae","Piratinera","Piratinera","1","velutina","velutina","1","","","","","","","","","","","","http://www.tropicos.org/Name/21301112","","Y","Synonym","Brosimum guianense","Brosimum guianense","(Aubl.) Huber","312864","species","http://www.tropicos.org/Name/21300523","","Moraceae","1","1","tropicos","",true,230
"233","Brownea herthae","1","183516","Brownea herthae","1","species","","","","Harms","Fabaceae","Brownea","Brownea","1","herthae","herthae","1","","","","","","","","","","","","http://www.tropicos.org/Name/13003127","","Y","Synonym","Brownea multijuga","Brownea multijuga","Britton & Killip","183524","species","http://www.tropicos.org/Name/13003135","","Fabaceae","1","1","tropicos","",true,231
"234","Brunellia darienensis","1","113401","Brunellia darienensis","1","species","","","","Cuatrec. & D.M. Porter","Brunelliaceae","Brunellia","Brunellia","1","darienensis","darienensis","1","","","","","","","","","","","","http://www.tropicos.org/Name/4400057","","Y","Accepted","Brunellia darienensis","Brunellia darienensis","Cuatrec. & D.M. Porter","113401","species","http://www.tropicos.org/Name/4400057","","Brunelliaceae","1","1","tropicos","",true,232
"235","Brunellia diversifolia","1","777891","Brunellia diversifolia","1","species","","","","C.I. Orozco","Brunelliaceae","Brunellia","Brunellia","1","diversifolia","diversifolia","1","","","","","","","","","","","","http://www.tropicos.org/Name/50095509","","Y","Synonym","Brunellia acostae","Brunellia acostae","Cuatrec.","113350","species","http://www.tropicos.org/Name/4400002","","Brunelliaceae","1","1","tropicos","",true,233
"56,55","Acalypha carpinifolia","1","173446","Acalypha carpinifolia","1","species","","","","Poir.","Euphorbiaceae","Acalypha","Acalypha","1","carpinifolia","carpinifolia","1","","","","","","","","","","","","http://www.tropicos.org/Name/12800549","","Y","Synonym","Acalypha diversifolia","Acalypha diversifolia","Jacq.","175265","species","http://www.tropicos.org/Name/12802425","","Euphorbiaceae","1","1","tropicos","",true,234
"65,64","Acalypha leptostachya","1","175431","Acalypha leptostachya","1","species","","","","Kunth","Euphorbiaceae","Acalypha","Acalypha","1","leptostachya","leptostachya","1","","","","","","","","","","","","http://www.tropicos.org/Name/12802608","","Y","Synonym","Acalypha diversifolia","Acalypha diversifolia","Jacq.","175265","species","http://www.tropicos.org/Name/12802425","","Euphorbiaceae","1","1","tropicos","",true,236
"103,102","Alchornea parvifolia","1","918232","Alchornea parvifolia","1","species","","","","Miq.","Euphorbiaceae","Alchornea","Alchornea","1","parvifolia","parvifolia","1","","","","","","","","","","","","http://www.tropicos.org/Name/50239960","","Y","Synonym","Alchornea triplinervia","Alchornea triplinervia","(Spreng.) MÃ¼ll. Arg.","173592","species","http://www.tropicos.org/Name/12800700","","Euphorbiaceae","1","1","tropicos","",true,238
"146,145","Cyathea firma","1","458006","Cyathea firma","1","species","","","","Mett. ex Kuhn","Cyatheaceae","Cyathea","Cyathea","1","firma","firma","1","","","","","","","","","","","","http://www.tropicos.org/Name/26621311","","Y","Synonym","Cyathea meridensis","Cyathea meridensis","H. Karst.","443780","species","http://www.tropicos.org/Name/26606753","","Cyatheaceae","1","1","tropicos","",true,240
"166,165","Annona biflora","1","16840","Annona biflora","1","species","","","","SessÃ© & Moc.","Annonaceae","Annona","Annona","1","biflora","biflora","1","","","","","","","","","","","","http://www.tropicos.org/Name/1602621","","Y","Synonym","Annona mucosa","Annona mucosa","Jacq.","15035","species","http://www.tropicos.org/Name/1600785","","Annonaceae","1","1","tropicos","",true,242
"170,169","Annona parviflora","1","14364","Annona parviflora","1","species","","","","Ruiz & Pav. ex E.A. LÃ³pez","Annonaceae","Annona","Annona","1","parviflora","parviflora","1","","","","","","","","","","","","http://www.tropicos.org/Name/1600087","","Y","Accepted","Annona parviflora","Annona parviflora","Ruiz & Pav. ex E.A. LÃ³pez","14364","species","http://www.tropicos.org/Name/1600087","","Annonaceae","1","1","tropicos","",true,244
"173,172","Annona pteropetala","1","842151","Annona pteropetala","1","species","","","","Ruiz & Pav. ex E.A. LÃ³pez","Annonaceae","Annona","Annona","1","pteropetala","pteropetala","1","","","","","","","","","","","","http://www.tropicos.org/Name/50161951","","Y","No opinion","","","","","","","","","1","1","tropicos","[Ambiguous]",true,248